placename,species,radtime
Camera 1,Coyote,0.065449847
Camera 1,Coyote,0.628318531
Camera 1,Coyote,5.126904678
Camera 1,Coyote,5.105088062
Camera 1,Coyote,0.283616003
Camera 10,Coyote,6.209008814
Camera 10,Coyote,0.296705973
Camera 10,Coyote,1.972222055
Camera 10,Coyote,1.077740813
Camera 10,Coyote,0.20943951
Camera 10,Coyote,0.580321976
Camera 10,Coyote,0.829031395
Camera 10,Coyote,0.842121364
Camera 10,Coyote,2.238384766
Camera 10,Coyote,1.034107582
Camera 10,Coyote,5.990842657
Camera 10,Coyote,5.393067389
Camera 10,Coyote,0.955567765
Camera 10,Coyote,6.095562413
Camera 10,Coyote,6.191555521
Camera 11,Coyote,1.138827337
Camera 11,Coyote,0.615228561
Camera 11,Coyote,0.767944871
Camera 11,Coyote,1.230457123
Camera 11,Coyote,6.034475889
Camera 11,Coyote,0.85084801
Camera 11,Coyote,0.754854901
Camera 11,Coyote,1.313360262
Camera 11,Coyote,0.527962099
Camera 11,Coyote,5.663593423
Camera 11,Coyote,1.125737368
Camera 11,Coyote,0.759218225
Camera 11,Coyote,0.065449847
Camera 11,Coyote,0.183259571
Camera 11,Coyote,0.405789051
Camera 11,Coyote,1.387536755
Camera 11,Coyote,1.527163095
Camera 11,Coyote,0.685041731
Camera 11,Coyote,5.619960191
Camera 11,Coyote,5.750859885
Camera 11,Coyote,1.077740813
Camera 11,Coyote,5.894849549
Camera 11,Coyote,1.723512636
Camera 11,Coyote,5.637413484
Camera 11,Coyote,6.14792229
Camera 11,Coyote,0.458148929
Camera 11,Coyote,0.283616003
Camera 11,Coyote,0.885754595
Camera 11,Coyote,0.196349541
Camera 11,Coyote,0.855211333
Camera 11,Coyote,3.909537524
Camera 11,Coyote,0.257436065
Camera 11,Coyote,5.349434157
Camera 11,Coyote,6.017022596
Camera 11,Coyote,0.78103484
Camera 13,Coyote,6.030112566
Camera 14,Coyote,0.353429174
Camera 14,Coyote,5.955936072
Camera 14,Coyote,0.541052068
Camera 14,Coyote,0.925024504
Camera 14,Coyote,0.344702527
Camera 14,Coyote,4.760385535
Camera 14,Coyote,1.182460568
Camera 14,Coyote,1.160643953
Camera 14,Coyote,3.167772592
Camera 14,Coyote,5.550147021
Camera 14,Coyote,1.025380936
Camera 14,Coyote,0.030543262
Camera 14,Coyote,5.942846103
Camera 14,Coyote,0.680678408
Camera 14,Coyote,0.833394718
Camera 14,Coyote,0.253072742
Camera 14,Coyote,1.522799772
Camera 14,Coyote,5.742133239
Camera 14,Coyote,0.798488133
Camera 14,Coyote,6.23082543
Camera 14,Coyote,0.767944871
Camera 14,Coyote,1.636246174
Camera 14,Coyote,5.986479334
Camera 14,Coyote,5.681046715
Camera 14,Coyote,6.226462106
Camera 15,Coyote,1.103920752
Camera 15,Coyote,0.493055514
Camera 15,Coyote,0.401425728
Camera 15,Coyote,0.623955208
Camera 15,Coyote,0.685041731
Camera 15,Coyote,0.855211333
Camera 15,Coyote,1.42244334
Camera 15,Coyote,1.662426113
Camera 15,Coyote,6.195918845
Camera 15,Coyote,0.436332313
Camera 15,Coyote,5.28398431
Camera 15,Coyote,5.288347634
Camera 15,Coyote,5.86866961
Camera 15,Coyote,0.15271631
Camera 15,Coyote,1.300270293
Camera 16,Coyote,5.803219763
Camera 16,Coyote,5.00473163
Camera 16,Coyote,0.562868684
Camera 16,Coyote,0.973021058
Camera 16,Coyote,1.466076572
Camera 16,Coyote,1.618792881
Camera 16,Coyote,5.790129793
Camera 16,Coyote,0.017453293
Camera 16,Coyote,5.650503453
Camera 16,Coyote,0.575958653
Camera 16,Coyote,1.204277184
Camera 16,Coyote,5.903576195
Camera 16,Coyote,6.195918845
Camera 16,Coyote,1.884955592
Camera 16,Coyote,2.775073511
Camera 16,Coyote,5.493423821
Camera 16,Coyote,5.720316623
Camera 16,Coyote,0.881391272
Camera 16,Coyote,1.658062789
Camera 16,Coyote,5.619960191
Camera 16,Coyote,5.969026042
Camera 16,Coyote,0.890117919
Camera 16,Coyote,0.951204442
Camera 16,Coyote,5.571963637
Camera 16,Coyote,5.794493117
Camera 16,Coyote,2.138028334
Camera 16,Coyote,1.954768762
Camera 16,Coyote,1.165007276
Camera 16,Coyote,1.339540201
Camera 16,Coyote,5.611233545
Camera 16,Coyote,0
Camera 16,Coyote,0.706858347
Camera 16,Coyote,1.051560874
Camera 16,Coyote,4.93491846
Camera 16,Coyote,0.22252948
Camera 16,Coyote,6.21773546
Camera 16,Coyote,1.182460568
Camera 16,Coyote,5.489060498
Camera 16,Coyote,6.235188753
Camera 16,Coyote,0.405789051
Camera 16,Coyote,1.531526419
Camera 16,Coyote,0.122173048
Camera 16,Coyote,0.57159533
Camera 17,Coyote,0.737401609
Camera 17,Coyote,6.082472443
Camera 17,Coyote,1.972222055
Camera 17,Coyote,0.610865238
Camera 18,Coyote,0.479965544
Camera 19,Coyote,6.043202535
Camera 19,Coyote,0.06981317
Camera 19,Coyote,1.518436449
Camera 2,Coyote,5.681046715
Camera 2,Coyote,1.736602606
Camera 2,Coyote,1.636246174
Camera 2,Coyote,0.475602221
Camera 20,Coyote,3.193952531
Camera 20,Coyote,1.653699466
Camera 20,Coyote,2.569997324
Camera 20,Coyote,0.597775269
Camera 20,Coyote,1.99403867
Camera 21,Coyote,0.973021058
Camera 21,Coyote,6.038839212
Camera 21,Coyote,2.098758426
Camera 22,Coyote,0.274889357
Camera 22,Coyote,0.872664626
Camera 22,Coyote,0.052359878
Camera 22,Coyote,1.134464014
Camera 22,Coyote,6.156648936
Camera 22,Coyote,0.253072742
Camera 22,Coyote,0.322885912
Camera 23,Coyote,6.130468998
Camera 23,Coyote,2.14675498
Camera 23,Coyote,5.205444494
Camera 23,Coyote,5.838126348
Camera 24,Coyote,2.255838058
Camera 24,Coyote,5.611233545
Camera 24,Coyote,2.373647783
Camera 24,Coyote,4.756022212
Camera 24,Coyote,1.880592269
Camera 24,Coyote,5.475970528
Camera 24,Coyote,5.698500008
Camera 24,Coyote,2.203478181
Camera 24,Coyote,5.432337297
Camera 25,Coyote,1.548979711
Camera 25,Coyote,2.190388211
Camera 25,Coyote,1.156280629
Camera 25,Coyote,1.588249619
Camera 25,Coyote,2.028945255
Camera 25,Coyote,1.631882851
Camera 25,Coyote,5.161811263
Camera 26,Coyote,1.36572014
Camera 26,Coyote,0.986111027
Camera 26,Coyote,1.57515965
Camera 26,Coyote,5.493423821
Camera 26,Coyote,4.372049776
Camera 26,Coyote,0.130899694
Camera 26,Coyote,1.069014167
Camera 26,Coyote,0.868301303
Camera 26,Coyote,1.35263017
Camera 26,Coyote,0.536688745
Camera 26,Coyote,0.331612558
Camera 26,Coyote,5.349434157
Camera 26,Coyote,6.213372137
Camera 26,Coyote,1.221730476
Camera 26,Coyote,1.535889742
Camera 26,Coyote,1.509709803
Camera 26,Coyote,0.034906585
Camera 26,Coyote,0.196349541
Camera 26,Coyote,5.602506899
Camera 26,Coyote,0.056723201
Camera 26,Coyote,0.41887902
Camera 26,Coyote,0.410152374
Camera 27,Coyote,4.049163865
Camera 27,Coyote,1.544616388
Camera 27,Coyote,0.231256126
Camera 27,Coyote,1.1475539830000001
Camera 27,Coyote,5.048364861
Camera 27,Coyote,1.400626725
Camera 27,Coyote,5.537057052
Camera 27,Coyote,5.763949855
Camera 27,Coyote,5.187991202
Camera 27,Coyote,5.445427266
Camera 27,Coyote,0.951204442
Camera 27,Coyote,1.117010721
Camera 27,Coyote,5.563236991
Camera 27,Coyote,1.426806664
Camera 27,Coyote,5.497787144
Camera 27,Coyote,0.977384381
Camera 28,Coyote,0.196349541
Camera 28,Coyote,6.213372137
Camera 28,Coyote,5.960299396
Camera 28,Coyote,1.308996939
Camera 28,Coyote,0.13962634
Camera 28,Coyote,0.658861793
Camera 28,Coyote,0.999200997
Camera 28,Coyote,5.672320069
Camera 28,Coyote,5.689773362
Camera 28,Coyote,5.707226654
Camera 29,Coyote,5.781403147
Camera 29,Coyote,1.221730476
Camera 29,Coyote,0.462512252
Camera 29,Coyote,0.911934534
Camera 29,Coyote,5.960299396
Camera 29,Coyote,0.43196899
Camera 29,Coyote,5.711589977
Camera 29,Coyote,5.419247327
Camera 29,Coyote,1.07337749
Camera 29,Coyote,5.907939518
Camera 29,Coyote,6.099925736
Camera 29,Coyote,1.186823891
Camera 29,Coyote,0.798488133
Camera 29,Coyote,6.16101226
Camera 29,Coyote,0.628318531
Camera 29,Coyote,6.21773546
Camera 29,Coyote,1.409353371
Camera 29,Coyote,6.257005368
Camera 29,Coyote,1.064650844
Camera 3,Coyote,0.253072742
Camera 3,Coyote,5.554510344
Camera 3,Coyote,0.340339204
Camera 3,Coyote,0.79412481
Camera 3,Coyote,2.046398548
Camera 30,Coyote,6.178465552
Camera 30,Coyote,5.161811263
Camera 30,Coyote,1.479166541
Camera 30,Coyote,0.388335759
Camera 30,Coyote,1.274090354
Camera 30,Coyote,1.14319066
Camera 30,Coyote,0.881391272
Camera 30,Coyote,1.697332698
Camera 30,Coyote,5.262167695
Camera 30,Coyote,6.043202535
Camera 30,Coyote,5.240351079
Camera 30,Coyote,1.832595715
Camera 32,Coyote,5.842489671
Camera 33,Coyote,0.004363323
Camera 34,Coyote,5.519603759
Camera 34,Coyote,0.27925268
Camera 34,Coyote,0.671951762
Camera 34,Coyote,0.196349541
Camera 34,Coyote,0.964294412
Camera 34,Coyote,5.480333851
Camera 34,Coyote,5.990842657
Camera 34,Coyote,5.030911569
Camera 34,Coyote,1.548979711
Camera 34,Coyote,2.199114858
Camera 34,Coyote,2.090031779
Camera 34,Coyote,6.239552076
Camera 34,Coyote,5.515240436
Camera 34,Coyote,1.976585378
Camera 34,Coyote,2.042035225
Camera 34,Coyote,5.336344188
Camera 34,Coyote,0.021816616
Camera 34,Coyote,4.062253834
Camera 34,Coyote,5.467243882
Camera 34,Coyote,2.138028334
Camera 34,Coyote,2.692170371
Camera 35,Coyote,0.855211333
Camera 36,Coyote,1.649336143
Camera 36,Coyote,0.401425728
Camera 36,Coyote,1.557706357
Camera 36,Coyote,0.545415391
Camera 36,Coyote,0.405789051
Camera 36,Coyote,5.894849549
Camera 36,Coyote,5.441063943
Camera 36,Coyote,5.899212872
Camera 36,Coyote,0.846484687
Camera 36,Coyote,5.842489671
Camera 36,Coyote,1.562069681
Camera 36,Coyote,5.777039824
Camera 37,Coyote,5.969026042
Camera 37,Coyote,0.907571211
Camera 37,Coyote,6.222098783
Camera 37,Coyote,5.035274892
Camera 37,Coyote,6.117379028
Camera 37,Coyote,0.619591884
Camera 37,Coyote,0.065449847
Camera 37,Coyote,1.780235837
Camera 37,Coyote,5.467243882
Camera 37,Coyote,0.877027949
Camera 37,Coyote,1.758419221
Camera 37,Coyote,5.711589977
Camera 38,Coyote,0.270526034
Camera 38,Coyote,1.562069681
Camera 38,Coyote,0.013089969
Camera 38,Coyote,0.654498469
Camera 38,Coyote,5.982116011
Camera 38,Coyote,3.006329637
Camera 39,Coyote,5.755223208
Camera 39,Coyote,5.28398431
Camera 39,Coyote,5.973389365
Camera 4,Coyote,0.789761487
Camera 4,Coyote,1.378810109
Camera 4,Coyote,5.833763025
Camera 4,Coyote,1.178097245
Camera 4,Coyote,0.06981317
Camera 4,Coyote,2.098758426
Camera 40,Coyote,5.986479334
Camera 40,Coyote,0.449422282
Camera 40,Coyote,2.814343419
Camera 40,Coyote,0.558505361
Camera 40,Coyote,1.518436449
Camera 40,Coyote,0.593411946
Camera 40,Coyote,1.156280629
Camera 40,Coyote,1.178097245
Camera 40,Coyote,0.685041731
Camera 40,Coyote,0.488692191
Camera 40,Coyote,1.356993493
Camera 40,Coyote,0.458148929
Camera 40,Coyote,0.274889357
Camera 40,Coyote,0.846484687
Camera 40,Coyote,0.990474351
Camera 40,Coyote,0.610865238
Camera 40,Coyote,0.824668072
Camera 40,Coyote,0.366519143
Camera 40,Coyote,0.322885912
Camera 40,Coyote,5.641776807
Camera 40,Coyote,0.109083078
Camera 5,Coyote,0.719948316
Camera 5,Coyote,0.039269908
Camera 5,Coyote,1.50534648
Camera 5,Coyote,1.313360262
Camera 5,Coyote,1.012290966
Camera 5,Coyote,5.763949855
Camera 5,Coyote,0.274889357
Camera 5,Coyote,1.35263017
Camera 5,Coyote,1.527163095
Camera 5,Coyote,5.567600314
Camera 5,Coyote,1.863138977
Camera 5,Coyote,1.902408885
Camera 5,Coyote,0.532325422
Camera 5,Coyote,5.794493117
Camera 5,Coyote,0.898844565
Camera 5,Coyote,1.457349925
Camera 5,Coyote,0.737401609
Camera 5,Coyote,3.905174201
Camera 5,Coyote,5.781403147
Camera 5,Coyote,0.366519143
Camera 5,Coyote,0.877027949
Camera 5,Coyote,1.448623279
Camera 5,Coyote,0.157079633
Camera 5,Coyote,5.820673055
Camera 5,Coyote,1.470439895
Camera 5,Coyote,5.934119457
Camera 5,Coyote,1.082104136
Camera 5,Coyote,5.707226654
Camera 5,Coyote,5.545783698
Camera 6,Coyote,0.248709418
Camera 6,Coyote,0.100356432
Camera 7,Coyote,0.567232007
Camera 7,Coyote,1.640609497
Camera 7,Coyote,6.065019151
Camera 7,Coyote,6.065019151
Camera 7,Coyote,5.859942964
Camera 7,Coyote,0.733038286
Camera 7,Coyote,5.964662719
Camera 7,Coyote,6.139195644
Camera 7,Coyote,0.226892803
Camera 7,Coyote,3.237585762
Camera 7,Coyote,5.986479334
Camera 7,Coyote,6.051929181
Camera 7,Coyote,1.522799772
Camera 7,Coyote,5.471607205
Camera 8,Coyote,1.671152759
Camera 8,Coyote,5.0745448
Camera 8,Coyote,0.973021058
Camera 8,Coyote,5.532693729
Camera 8,Coyote,3.019419606
Camera 8,Coyote,6.235188753
Camera 9,Coyote,5.825036379
Camera 9,Coyote,5.907939518
Camera 9,Coyote,6.169738906
Camera 1,White-tailed Deer,1.42244334
Camera 1,White-tailed Deer,5.449790589
Camera 1,White-tailed Deer,5.427973974
Camera 1,White-tailed Deer,4.904375198
Camera 1,White-tailed Deer,0.615228561
Camera 1,White-tailed Deer,4.092797096
Camera 1,White-tailed Deer,1.317723585
Camera 1,White-tailed Deer,2.06385184
Camera 1,White-tailed Deer,5.323254219
Camera 1,White-tailed Deer,5.480333851
Camera 1,White-tailed Deer,1.431169987
Camera 10,White-tailed Deer,3.076142807
Camera 10,White-tailed Deer,2.225294796
Camera 10,White-tailed Deer,4.149520297
Camera 10,White-tailed Deer,1.919862177
Camera 10,White-tailed Deer,1.688606051
Camera 10,White-tailed Deer,0.174532925
Camera 10,White-tailed Deer,2.460914245
Camera 10,White-tailed Deer,1.79768913
Camera 10,White-tailed Deer,6.226462106
Camera 10,White-tailed Deer,0.187622895
Camera 10,White-tailed Deer,1.679879405
Camera 10,White-tailed Deer,2.055125194
Camera 10,White-tailed Deer,4.15388362
Camera 11,White-tailed Deer,3.996803987
Camera 11,White-tailed Deer,4.773475504
Camera 11,White-tailed Deer,1.736602606
Camera 11,White-tailed Deer,5.619960191
Camera 11,White-tailed Deer,1.736602606
Camera 11,White-tailed Deer,4.760385535
Camera 11,White-tailed Deer,4.939281783
Camera 11,White-tailed Deer,4.651302457
Camera 11,White-tailed Deer,2.569997324
Camera 11,White-tailed Deer,2.234021443
Camera 11,White-tailed Deer,2.028945255
Camera 11,White-tailed Deer,0.706858347
Camera 11,White-tailed Deer,0.938114473
Camera 11,White-tailed Deer,2.033308579
Camera 11,White-tailed Deer,0.946841119
Camera 11,White-tailed Deer,1.727875959
Camera 11,White-tailed Deer,4.773475504
Camera 11,White-tailed Deer,5.026548246
Camera 11,White-tailed Deer,0.615228561
Camera 11,White-tailed Deer,2.172934919
Camera 11,White-tailed Deer,1.989675347
Camera 11,White-tailed Deer,2.094395102
Camera 11,White-tailed Deer,1.932952147
Camera 11,White-tailed Deer,2.460914245
Camera 11,White-tailed Deer,5.244714402
Camera 11,White-tailed Deer,3.830997708
Camera 12,White-tailed Deer,5.423610651
Camera 12,White-tailed Deer,2.325651228
Camera 12,White-tailed Deer,2.033308579
Camera 12,White-tailed Deer,2.033308579
Camera 12,White-tailed Deer,2.2951079660000002
Camera 12,White-tailed Deer,0.117809725
Camera 12,White-tailed Deer,3.320488902
Camera 12,White-tailed Deer,5.35379748
Camera 12,White-tailed Deer,1.771509191
Camera 12,White-tailed Deer,1.50534648
Camera 12,White-tailed Deer,1.767145868
Camera 12,White-tailed Deer,5.694136685
Camera 12,White-tailed Deer,5.235987756
Camera 12,White-tailed Deer,5.166174586
Camera 12,White-tailed Deer,1.8675023
Camera 12,White-tailed Deer,1.758419221
Camera 12,White-tailed Deer,2.474004215
Camera 12,White-tailed Deer,5.257804372
Camera 12,White-tailed Deer,5.397430712
Camera 12,White-tailed Deer,2.836160034
Camera 12,White-tailed Deer,2.2951079660000002
Camera 13,White-tailed Deer,0.20943951
Camera 13,White-tailed Deer,5.458517236
Camera 13,White-tailed Deer,3.560471674
Camera 13,White-tailed Deer,3.425208657
Camera 13,White-tailed Deer,5.205444494
Camera 13,White-tailed Deer,4.005530633
Camera 13,White-tailed Deer,2.412917691
Camera 13,White-tailed Deer,5.371250773
Camera 13,White-tailed Deer,3.385938749
Camera 13,White-tailed Deer,4.406956361
Camera 13,White-tailed Deer,5.148721293
Camera 13,White-tailed Deer,0.645771823
Camera 13,White-tailed Deer,2.14675498
Camera 13,White-tailed Deer,2.696533694
Camera 13,White-tailed Deer,2.138028334
Camera 13,White-tailed Deer,2.975786375
Camera 13,White-tailed Deer,1.557706357
Camera 13,White-tailed Deer,5.358160804
Camera 13,White-tailed Deer,4.64257581
Camera 13,White-tailed Deer,0.061086524
Camera 13,White-tailed Deer,1.802052453
Camera 13,White-tailed Deer,4.50294947
Camera 13,White-tailed Deer,4.847651997
Camera 13,White-tailed Deer,5.00473163
Camera 13,White-tailed Deer,3.730641276
Camera 13,White-tailed Deer,5.423610651
Camera 13,White-tailed Deer,4.075343803
Camera 13,White-tailed Deer,5.816309732
Camera 13,White-tailed Deer,4.948008429
Camera 13,White-tailed Deer,5.065818154
Camera 13,White-tailed Deer,1.265363708
Camera 13,White-tailed Deer,4.952371753
Camera 13,White-tailed Deer,4.982915014
Camera 13,White-tailed Deer,0.829031395
Camera 13,White-tailed Deer,2.155481626
Camera 13,White-tailed Deer,5.829399702
Camera 13,White-tailed Deer,5.358160804
Camera 13,White-tailed Deer,5.458517236
Camera 13,White-tailed Deer,5.205444494
Camera 13,White-tailed Deer,2.412917691
Camera 13,White-tailed Deer,4.411319684
Camera 13,White-tailed Deer,5.148721293
Camera 14,White-tailed Deer,5.244714402
Camera 14,White-tailed Deer,4.228060113
Camera 14,White-tailed Deer,0.440695636
Camera 14,White-tailed Deer,3.228859116
Camera 14,White-tailed Deer,1.121374044
Camera 14,White-tailed Deer,5.50651379
Camera 14,White-tailed Deer,5.397430712
Camera 14,White-tailed Deer,2.360557813
Camera 14,White-tailed Deer,0.519235452
Camera 14,White-tailed Deer,5.100724739
Camera 14,White-tailed Deer,1.274090354
Camera 14,White-tailed Deer,6.209008814
Camera 14,White-tailed Deer,1.701696021
Camera 14,White-tailed Deer,5.480333851
Camera 14,White-tailed Deer,1.9242255
Camera 14,White-tailed Deer,2.57872397
Camera 14,White-tailed Deer,5.266531018
Camera 14,White-tailed Deer,5.532693729
Camera 14,White-tailed Deer,4.996004984
Camera 14,White-tailed Deer,0.039269908
Camera 14,White-tailed Deer,5.371250773
Camera 14,White-tailed Deer,5.462880559
Camera 14,White-tailed Deer,4.917465167
Camera 14,White-tailed Deer,0.344702527
Camera 14,White-tailed Deer,5.375614096
Camera 14,White-tailed Deer,1.950405439
Camera 14,White-tailed Deer,5.039638215
Camera 14,White-tailed Deer,4.620759195
Camera 14,White-tailed Deer,1.697332698
Camera 14,White-tailed Deer,2.120575041
Camera 14,White-tailed Deer,0.802851456
Camera 14,White-tailed Deer,1.605702912
Camera 14,White-tailed Deer,1.985312024
Camera 14,White-tailed Deer,5.78576647
Camera 14,White-tailed Deer,4.555309348
Camera 14,White-tailed Deer,0.580321976
Camera 14,White-tailed Deer,2.36928446
Camera 14,White-tailed Deer,4.878195259
Camera 14,White-tailed Deer,3.704461337
Camera 14,White-tailed Deer,5.174901232
Camera 14,White-tailed Deer,5.013458276
Camera 14,White-tailed Deer,2.504547477
Camera 14,White-tailed Deer,5.899212872
Camera 14,White-tailed Deer,5.375614096
Camera 14,White-tailed Deer,4.747295565
Camera 14,White-tailed Deer,2.447824276
Camera 14,White-tailed Deer,1.082104136
Camera 14,White-tailed Deer,5.222897787
Camera 14,White-tailed Deer,0.79412481
Camera 14,White-tailed Deer,0.104719755
Camera 14,White-tailed Deer,4.716752304
Camera 14,White-tailed Deer,5.048364861
Camera 14,White-tailed Deer,4.633849164
Camera 14,White-tailed Deer,2.617993878
Camera 14,White-tailed Deer,2.124938364
Camera 14,White-tailed Deer,4.961098399
Camera 14,White-tailed Deer,2.116211718
Camera 14,White-tailed Deer,1.989675347
Camera 14,White-tailed Deer,2.360557813
Camera 14,White-tailed Deer,1.754055898
Camera 14,White-tailed Deer,1.701696021
Camera 14,White-tailed Deer,2.120575041
Camera 14,White-tailed Deer,1.989675347
Camera 14,White-tailed Deer,2.360557813
Camera 14,White-tailed Deer,5.100724739
Camera 14,White-tailed Deer,1.832595715
Camera 14,White-tailed Deer,2.57872397
Camera 15,White-tailed Deer,3.687008045
Camera 15,White-tailed Deer,2.234021443
Camera 15,White-tailed Deer,3.678281399
Camera 15,White-tailed Deer,4.603305902
Camera 15,White-tailed Deer,5.336344188
Camera 15,White-tailed Deer,1.692969374
Camera 15,White-tailed Deer,2.312561259
Camera 15,White-tailed Deer,2.199114858
Camera 15,White-tailed Deer,2.35619449
Camera 15,White-tailed Deer,3.865904293
Camera 15,White-tailed Deer,5.314527572
Camera 15,White-tailed Deer,1.889318915
Camera 15,White-tailed Deer,4.734205596
Camera 15,White-tailed Deer,2.220931473
Camera 15,White-tailed Deer,2.312561259
Camera 15,White-tailed Deer,2.412917691
Camera 15,White-tailed Deer,2.351831167
Camera 15,White-tailed Deer,5.314527572
Camera 16,White-tailed Deer,5.537057052
Camera 16,White-tailed Deer,4.991641661
Camera 16,White-tailed Deer,5.161811263
Camera 16,White-tailed Deer,2.251474735
Camera 16,White-tailed Deer,3.097959422
Camera 16,White-tailed Deer,5.537057052
Camera 16,White-tailed Deer,1.736602606
Camera 16,White-tailed Deer,3.342305518
Camera 16,White-tailed Deer,1.330813555
Camera 16,White-tailed Deer,0.113446401
Camera 16,White-tailed Deer,6.139195644
Camera 16,White-tailed Deer,0.475602221
Camera 16,White-tailed Deer,2.443460953
Camera 16,White-tailed Deer,4.991641661
Camera 16,White-tailed Deer,2.29947129
Camera 16,White-tailed Deer,5.489060498
Camera 16,White-tailed Deer,5.454153912
Camera 16,White-tailed Deer,2.046398548
Camera 16,White-tailed Deer,0.597775269
Camera 16,White-tailed Deer,4.991641661
Camera 16,White-tailed Deer,0.741764932
Camera 16,White-tailed Deer,5.161811263
Camera 16,White-tailed Deer,5.537057052
Camera 16,White-tailed Deer,5.166174586
Camera 16,White-tailed Deer,3.028146252
Camera 17,White-tailed Deer,0.366519143
Camera 17,White-tailed Deer,2.225294796
Camera 17,White-tailed Deer,5.401794035
Camera 17,White-tailed Deer,4.738568919
Camera 17,White-tailed Deer,5.781403147
Camera 17,White-tailed Deer,0.767944871
Camera 17,White-tailed Deer,5.519603759
Camera 17,White-tailed Deer,0.881391272
Camera 17,White-tailed Deer,2.14675498
Camera 17,White-tailed Deer,5.663593423
Camera 17,White-tailed Deer,6.139195644
Camera 17,White-tailed Deer,6.239552076
Camera 17,White-tailed Deer,2.35619449
Camera 17,White-tailed Deer,4.590215933
Camera 17,White-tailed Deer,1.557706357
Camera 17,White-tailed Deer,4.930555137
Camera 17,White-tailed Deer,5.510877113
Camera 17,White-tailed Deer,0.257436065
Camera 17,White-tailed Deer,5.266531018
Camera 17,White-tailed Deer,5.820673055
Camera 17,White-tailed Deer,1.165007276
Camera 17,White-tailed Deer,1.688606051
Camera 17,White-tailed Deer,1.130100691
Camera 17,White-tailed Deer,1.845685684
Camera 17,White-tailed Deer,1.880592269
Camera 17,White-tailed Deer,0.034906585
Camera 17,White-tailed Deer,5.240351079
Camera 17,White-tailed Deer,5.563236991
Camera 17,White-tailed Deer,1.077740813
Camera 17,White-tailed Deer,2.535090739
Camera 17,White-tailed Deer,5.083271446
Camera 17,White-tailed Deer,2.14675498
Camera 17,White-tailed Deer,2.35619449
Camera 17,White-tailed Deer,4.948008429
Camera 17,White-tailed Deer,2.203478181
Camera 17,White-tailed Deer,5.22726111
Camera 17,White-tailed Deer,5.519603759
Camera 17,White-tailed Deer,0.890117919
Camera 18,White-tailed Deer,2.43909763
Camera 18,White-tailed Deer,1.500983157
Camera 18,White-tailed Deer,5.139994647
Camera 18,White-tailed Deer,2.460914245
Camera 18,White-tailed Deer,5.310164249
Camera 18,White-tailed Deer,0.536688745
Camera 19,White-tailed Deer,4.804018766
Camera 19,White-tailed Deer,2.085668456
Camera 19,White-tailed Deer,4.415683008
Camera 19,White-tailed Deer,3.42957198
Camera 19,White-tailed Deer,1.322086908
Camera 19,White-tailed Deer,4.276056667
Camera 19,White-tailed Deer,0.855211333
Camera 19,White-tailed Deer,1.540253065
Camera 19,White-tailed Deer,5.35379748
Camera 19,White-tailed Deer,5.14435797
Camera 19,White-tailed Deer,1.631882851
Camera 19,White-tailed Deer,5.331980865
Camera 19,White-tailed Deer,0.545415391
Camera 19,White-tailed Deer,4.843288674
Camera 19,White-tailed Deer,5.36688745
Camera 19,White-tailed Deer,2.622357201
Camera 19,White-tailed Deer,4.297873283
Camera 19,White-tailed Deer,5.065818154
Camera 19,White-tailed Deer,2.212204827
Camera 19,White-tailed Deer,2.809980096
Camera 19,White-tailed Deer,5.580690283
Camera 19,White-tailed Deer,5.15744794
Camera 19,White-tailed Deer,4.843288674
Camera 19,White-tailed Deer,2.565634
Camera 19,White-tailed Deer,3.900810878
Camera 19,White-tailed Deer,4.284783314
Camera 19,White-tailed Deer,5.292710957
Camera 2,White-tailed Deer,5.270894341
Camera 2,White-tailed Deer,0.955567765
Camera 20,White-tailed Deer,4.118977035
Camera 20,White-tailed Deer,2.831796711
Camera 20,White-tailed Deer,1.998401994
Camera 20,White-tailed Deer,1.261000385
Camera 20,White-tailed Deer,4.118977035
Camera 20,White-tailed Deer,1.243547092
Camera 20,White-tailed Deer,1.99403867
Camera 20,White-tailed Deer,0.466875575
Camera 20,White-tailed Deer,2.831796711
Camera 20,White-tailed Deer,3.167772592
Camera 21,White-tailed Deer,5.886122902
Camera 21,White-tailed Deer,4.101523742
Camera 21,White-tailed Deer,5.384340742
Camera 21,White-tailed Deer,5.886122902
Camera 22,White-tailed Deer,5.061454831
Camera 22,White-tailed Deer,2.487094184
Camera 22,White-tailed Deer,4.053527188
Camera 22,White-tailed Deer,0.610865238
Camera 22,White-tailed Deer,6.252642045
Camera 22,White-tailed Deer,0.353429174
Camera 22,White-tailed Deer,1.243547092
Camera 22,White-tailed Deer,5.29707428
Camera 22,White-tailed Deer,0.610865238
Camera 22,White-tailed Deer,2.574360647
Camera 23,White-tailed Deer,2.447824276
Camera 23,White-tailed Deer,2.443460953
Camera 23,White-tailed Deer,3.621558198
Camera 23,White-tailed Deer,5.772676501
Camera 23,White-tailed Deer,2.796890126
Camera 23,White-tailed Deer,0.86393798
Camera 23,White-tailed Deer,1.086467459
Camera 23,White-tailed Deer,3.625921521
Camera 23,White-tailed Deer,1.247910415
Camera 23,White-tailed Deer,0.872664626
Camera 23,White-tailed Deer,3.743731246
Camera 23,White-tailed Deer,2.447824276
Camera 23,White-tailed Deer,5.772676501
Camera 24,White-tailed Deer,4.345869837
Camera 24,White-tailed Deer,3.486295181
Camera 24,White-tailed Deer,4.594579256
Camera 24,White-tailed Deer,4.834562028
Camera 24,White-tailed Deer,2.687807048
Camera 24,White-tailed Deer,1.806415776
Camera 24,White-tailed Deer,0.021816616
Camera 24,White-tailed Deer,5.454153912
Camera 24,White-tailed Deer,4.075343803
Camera 24,White-tailed Deer,3.51247512
Camera 24,White-tailed Deer,4.917465167
Camera 24,White-tailed Deer,2.308197936
Camera 24,White-tailed Deer,5.990842657
Camera 24,White-tailed Deer,2.391101075
Camera 24,White-tailed Deer,3.237585762
Camera 24,White-tailed Deer,5.21417114
Camera 24,White-tailed Deer,4.594579256
Camera 24,White-tailed Deer,3.495021827
Camera 25,White-tailed Deer,4.345869837
Camera 25,White-tailed Deer,5.532693729
Camera 25,White-tailed Deer,0.671951762
Camera 25,White-tailed Deer,5.707226654
Camera 25,White-tailed Deer,1.596976266
Camera 25,White-tailed Deer,0.004363323
Camera 25,White-tailed Deer,5.480333851
Camera 25,White-tailed Deer,5.807583086
Camera 25,White-tailed Deer,3.673918075
Camera 25,White-tailed Deer,2.522000769
Camera 25,White-tailed Deer,5.7159533
Camera 25,White-tailed Deer,5.995205981
Camera 25,White-tailed Deer,0.301069296
Camera 25,White-tailed Deer,2.884156589
Camera 25,White-tailed Deer,5.6592301
Camera 25,White-tailed Deer,1.522799772
Camera 25,White-tailed Deer,5.864306287
Camera 25,White-tailed Deer,0.004363323
Camera 26,White-tailed Deer,2.190388211
Camera 26,White-tailed Deer,2.543817385
Camera 26,White-tailed Deer,3.425208657
Camera 26,White-tailed Deer,4.812745412
Camera 26,White-tailed Deer,6.243915399
Camera 26,White-tailed Deer,0.527962099
Camera 26,White-tailed Deer,5.541420375
Camera 26,White-tailed Deer,0.43196899
Camera 26,White-tailed Deer,4.380776423
Camera 26,White-tailed Deer,5.083271446
Camera 26,White-tailed Deer,5.231624433
Camera 26,White-tailed Deer,0.741764932
Camera 26,White-tailed Deer,5.048364861
Camera 26,White-tailed Deer,4.812745412
Camera 26,White-tailed Deer,3.695734691
Camera 26,White-tailed Deer,2.260201381
Camera 26,White-tailed Deer,4.830198705
Camera 27,White-tailed Deer,2.748893572
Camera 27,White-tailed Deer,0.357792497
Camera 27,White-tailed Deer,1.823869068
Camera 27,White-tailed Deer,5.035274892
Camera 27,White-tailed Deer,2.090031779
Camera 27,White-tailed Deer,5.79885644
Camera 27,White-tailed Deer,0.580321976
Camera 27,White-tailed Deer,4.93491846
Camera 27,White-tailed Deer,5.654866776
Camera 27,White-tailed Deer,1.684242728
Camera 27,White-tailed Deer,5.00473163
Camera 27,White-tailed Deer,0.109083078
Camera 27,White-tailed Deer,3.992440664
Camera 27,White-tailed Deer,4.424409654
Camera 27,White-tailed Deer,3.228859116
Camera 27,White-tailed Deer,1.706059344
Camera 27,White-tailed Deer,4.15388362
Camera 27,White-tailed Deer,3.865904293
Camera 27,White-tailed Deer,2.404191045
Camera 27,White-tailed Deer,3.172135915
Camera 27,White-tailed Deer,3.390302072
Camera 27,White-tailed Deer,4.158246943
Camera 27,White-tailed Deer,1.832595715
Camera 27,White-tailed Deer,5.000368307
Camera 27,White-tailed Deer,4.393866392
Camera 27,White-tailed Deer,3.211405824
Camera 27,White-tailed Deer,5.048364861
Camera 27,White-tailed Deer,4.236786759
Camera 27,White-tailed Deer,1.85441233
Camera 27,White-tailed Deer,4.481132854
Camera 27,White-tailed Deer,4.481132854
Camera 27,White-tailed Deer,3.94444411
Camera 27,White-tailed Deer,4.769112181
Camera 27,White-tailed Deer,5.070181477
Camera 27,White-tailed Deer,0.104719755
Camera 27,White-tailed Deer,5.131268001
Camera 27,White-tailed Deer,5.842489671
Camera 27,White-tailed Deer,1.915498854
Camera 27,White-tailed Deer,1.732239283
Camera 27,White-tailed Deer,1.007927643
Camera 27,White-tailed Deer,0.078539816
Camera 27,White-tailed Deer,1.261000385
Camera 27,White-tailed Deer,1.723512636
Camera 27,White-tailed Deer,1.265363708
Camera 27,White-tailed Deer,4.262966698
Camera 27,White-tailed Deer,4.891285229
Camera 27,White-tailed Deer,6.017022596
Camera 27,White-tailed Deer,1.356993493
Camera 27,White-tailed Deer,5.733406593
Camera 27,White-tailed Deer,6.012659273
Camera 27,White-tailed Deer,0.253072742
Camera 27,White-tailed Deer,6.248278722
Camera 27,White-tailed Deer,1.125737368
Camera 27,White-tailed Deer,5.449790589
Camera 27,White-tailed Deer,5.964662719
Camera 27,White-tailed Deer,4.145156973
Camera 27,White-tailed Deer,0.746128255
Camera 27,White-tailed Deer,3.865904293
Camera 27,White-tailed Deer,2.404191045
Camera 27,White-tailed Deer,3.172135915
Camera 27,White-tailed Deer,3.433935303
Camera 27,White-tailed Deer,4.180063559
Camera 27,White-tailed Deer,4.406956361
Camera 27,White-tailed Deer,5.57632696
Camera 27,White-tailed Deer,0.536688745
Camera 27,White-tailed Deer,3.233222439
Camera 27,White-tailed Deer,1.950405439
Camera 27,White-tailed Deer,5.454153912
Camera 27,White-tailed Deer,0.13962634
Camera 27,White-tailed Deer,0.750491578
Camera 27,White-tailed Deer,5.977752688
Camera 27,White-tailed Deer,6.086835766
Camera 27,White-tailed Deer,0.754854901
Camera 27,White-tailed Deer,1.1475539830000001
Camera 27,White-tailed Deer,6.073745797
Camera 27,White-tailed Deer,6.278821984
Camera 27,White-tailed Deer,1.112647398
Camera 27,White-tailed Deer,5.707226654
Camera 27,White-tailed Deer,0.126536371
Camera 27,White-tailed Deer,1.099557429
Camera 27,White-tailed Deer,0.43196899
Camera 27,White-tailed Deer,1.256637061
Camera 27,White-tailed Deer,5.925392811
Camera 27,White-tailed Deer,5.044001538
Camera 27,White-tailed Deer,1.919862177
Camera 27,White-tailed Deer,1.732239283
Camera 27,White-tailed Deer,3.992440664
Camera 27,White-tailed Deer,4.991641661
Camera 27,White-tailed Deer,4.485496178
Camera 27,White-tailed Deer,3.202679177
Camera 27,White-tailed Deer,0.79412481
Camera 27,White-tailed Deer,1.701696021
Camera 27,White-tailed Deer,4.149520297
Camera 27,White-tailed Deer,3.865904293
Camera 27,White-tailed Deer,2.408554368
Camera 27,White-tailed Deer,3.176499239
Camera 27,White-tailed Deer,3.372848779
Camera 27,White-tailed Deer,4.188790205
Camera 27,White-tailed Deer,4.393866392
Camera 27,White-tailed Deer,3.94444411
Camera 27,White-tailed Deer,4.284783314
Camera 27,White-tailed Deer,5.327617542
Camera 27,White-tailed Deer,5.070181477
Camera 28,White-tailed Deer,2.469640892
Camera 28,White-tailed Deer,0.562868684
Camera 28,White-tailed Deer,2.57872397
Camera 28,White-tailed Deer,2.378011106
Camera 28,White-tailed Deer,5.057091508
Camera 28,White-tailed Deer,1.701696021
Camera 28,White-tailed Deer,0.266162711
Camera 28,White-tailed Deer,2.033308579
Camera 28,White-tailed Deer,1.810779099
Camera 28,White-tailed Deer,1.740965929
Camera 28,White-tailed Deer,2.469640892
Camera 28,White-tailed Deer,5.633050161
Camera 28,White-tailed Deer,2.500184153
Camera 28,White-tailed Deer,4.07098048
Camera 28,White-tailed Deer,0.654498469
Camera 28,White-tailed Deer,2.06385184
Camera 28,White-tailed Deer,5.345070834
Camera 28,White-tailed Deer,5.222897787
Camera 28,White-tailed Deer,1.199913861
Camera 28,White-tailed Deer,2.042035225
Camera 28,White-tailed Deer,0.309795942
Camera 28,White-tailed Deer,1.815142422
Camera 28,White-tailed Deer,0.916297857
Camera 28,White-tailed Deer,1.29590697
Camera 28,White-tailed Deer,1.14319066
Camera 28,White-tailed Deer,2.042035225
Camera 28,White-tailed Deer,1.819505745
Camera 28,White-tailed Deer,2.382374429
Camera 28,White-tailed Deer,1.178097245
Camera 28,White-tailed Deer,2.06385184
Camera 28,White-tailed Deer,5.22726111
Camera 28,White-tailed Deer,2.033308579
Camera 28,White-tailed Deer,1.815142422
Camera 28,White-tailed Deer,2.378011106
Camera 28,White-tailed Deer,5.057091508
Camera 29,White-tailed Deer,4.564035994
Camera 29,White-tailed Deer,5.759586532
Camera 29,White-tailed Deer,0.685041731
Camera 29,White-tailed Deer,4.350233161
Camera 29,White-tailed Deer,1.898045562
Camera 29,White-tailed Deer,1.021017612
Camera 29,White-tailed Deer,5.29707428
Camera 29,White-tailed Deer,1.636246174
Camera 29,White-tailed Deer,4.564035994
Camera 29,White-tailed Deer,5.345070834
Camera 29,White-tailed Deer,6.187192198
Camera 29,White-tailed Deer,5.183627878
Camera 29,White-tailed Deer,1.989675347
Camera 29,White-tailed Deer,2.273291351
Camera 29,White-tailed Deer,5.253441049
Camera 29,White-tailed Deer,1.754055898
Camera 29,White-tailed Deer,5.707226654
Camera 29,White-tailed Deer,3.604104905
Camera 29,White-tailed Deer,0.318522588
Camera 29,White-tailed Deer,4.564035994
Camera 29,White-tailed Deer,6.113015705
Camera 29,White-tailed Deer,0.318522588
Camera 29,White-tailed Deer,4.350233161
Camera 29,White-tailed Deer,1.740965929
Camera 3,White-tailed Deer,6.239552076
Camera 3,White-tailed Deer,1.361356817
Camera 3,White-tailed Deer,1.396263402
Camera 3,White-tailed Deer,5.903576195
Camera 3,White-tailed Deer,2.225294796
Camera 3,White-tailed Deer,5.467243882
Camera 3,White-tailed Deer,3.983714018
Camera 3,White-tailed Deer,5.628686838
Camera 3,White-tailed Deer,5.052728185
Camera 3,White-tailed Deer,2.587450616
Camera 3,White-tailed Deer,5.29707428
Camera 3,White-tailed Deer,2.600540585
Camera 3,White-tailed Deer,5.467243882
Camera 3,White-tailed Deer,4.175700235
Camera 3,White-tailed Deer,4.245513405
Camera 3,White-tailed Deer,5.558873668
Camera 3,White-tailed Deer,3.364122133
Camera 3,White-tailed Deer,3.608468228
Camera 3,White-tailed Deer,3.438298626
Camera 3,White-tailed Deer,5.384340742
Camera 3,White-tailed Deer,4.921828491
Camera 3,White-tailed Deer,5.358160804
Camera 3,White-tailed Deer,1.156280629
Camera 3,White-tailed Deer,3.246312409
Camera 3,White-tailed Deer,5.816309732
Camera 3,White-tailed Deer,3.673918075
Camera 30,White-tailed Deer,4.411319684
Camera 30,White-tailed Deer,4.847651997
Camera 30,White-tailed Deer,1.780235837
Camera 30,White-tailed Deer,0.397062405
Camera 30,White-tailed Deer,0.824668072
Camera 30,White-tailed Deer,1.566433004
Camera 30,White-tailed Deer,1.775872514
Camera 30,White-tailed Deer,2.522000769
Camera 30,White-tailed Deer,3.752457892
Camera 30,White-tailed Deer,0.593411946
Camera 30,White-tailed Deer,0.253072742
Camera 30,White-tailed Deer,1.007927643
Camera 30,White-tailed Deer,3.774274507
Camera 30,White-tailed Deer,5.528330406
Camera 30,White-tailed Deer,1.631882851
Camera 30,White-tailed Deer,1.274090354
Camera 30,White-tailed Deer,1.570796327
Camera 30,White-tailed Deer,5.275257664
Camera 30,White-tailed Deer,2.613630555
Camera 30,White-tailed Deer,1.775872514
Camera 30,White-tailed Deer,4.053527188
Camera 30,White-tailed Deer,3.316125579
Camera 30,White-tailed Deer,2.526364092
Camera 30,White-tailed Deer,3.752457892
Camera 30,White-tailed Deer,4.982915014
Camera 30,White-tailed Deer,0.593411946
Camera 31,White-tailed Deer,3.63901149
Camera 31,White-tailed Deer,2.260201381
Camera 31,White-tailed Deer,2.273291351
Camera 31,White-tailed Deer,3.416482011
Camera 31,White-tailed Deer,3.979350695
Camera 31,White-tailed Deer,3.473205211
Camera 31,White-tailed Deer,3.691371368
Camera 31,White-tailed Deer,2.482730861
Camera 31,White-tailed Deer,3.028146252
Camera 31,White-tailed Deer,2.805616773
Camera 31,White-tailed Deer,2.260201381
Camera 31,White-tailed Deer,3.272492347
Camera 31,White-tailed Deer,3.988077341
Camera 31,White-tailed Deer,1.727875959
Camera 31,White-tailed Deer,2.260201381
Camera 31,White-tailed Deer,3.473205211
Camera 31,White-tailed Deer,2.273291351
Camera 31,White-tailed Deer,3.412118688
Camera 32,White-tailed Deer,5.22726111
Camera 32,White-tailed Deer,0.929387827
Camera 32,White-tailed Deer,1.49225651
Camera 32,White-tailed Deer,1.649336143
Camera 32,White-tailed Deer,1.034107582
Camera 32,White-tailed Deer,0.615228561
Camera 32,White-tailed Deer,0.287979327
Camera 32,White-tailed Deer,0.375245789
Camera 32,White-tailed Deer,5.196717848
Camera 32,White-tailed Deer,0.759218225
Camera 32,White-tailed Deer,1.125737368
Camera 32,White-tailed Deer,1.21300383
Camera 32,White-tailed Deer,1.788962483
Camera 32,White-tailed Deer,1.675516082
Camera 32,White-tailed Deer,1.387536755
Camera 32,White-tailed Deer,2.028945255
Camera 32,White-tailed Deer,4.708025657
Camera 32,White-tailed Deer,0.226892803
Camera 32,White-tailed Deer,4.908738521
Camera 32,White-tailed Deer,5.100724739
Camera 32,White-tailed Deer,5.231624433
Camera 32,White-tailed Deer,2.085668456
Camera 32,White-tailed Deer,1.500983157
Camera 32,White-tailed Deer,5.083271446
Camera 32,White-tailed Deer,3.905174201
Camera 32,White-tailed Deer,1.666789436
Camera 33,White-tailed Deer,0.047996554
Camera 33,White-tailed Deer,5.441063943
Camera 33,White-tailed Deer,1.732239283
Camera 33,White-tailed Deer,5.667956746
Camera 33,White-tailed Deer,1.086467459
Camera 33,White-tailed Deer,1.57515965
Camera 33,White-tailed Deer,1.93731547
Camera 33,White-tailed Deer,5.57632696
Camera 33,White-tailed Deer,1.370083463
Camera 33,White-tailed Deer,1.544616388
Camera 33,White-tailed Deer,1.78459916
Camera 33,White-tailed Deer,5.57632696
Camera 33,White-tailed Deer,1.732239283
Camera 34,White-tailed Deer,2.71835031
Camera 34,White-tailed Deer,0.305432619
Camera 34,White-tailed Deer,4.406956361
Camera 34,White-tailed Deer,4.72547895
Camera 34,White-tailed Deer,2.722713633
Camera 34,White-tailed Deer,5.541420375
Camera 34,White-tailed Deer,1.413716694
Camera 34,White-tailed Deer,4.852015321
Camera 34,White-tailed Deer,5.292710957
Camera 34,White-tailed Deer,4.468042885
Camera 34,White-tailed Deer,4.734205596
Camera 34,White-tailed Deer,2.740166926
Camera 34,White-tailed Deer,5.541420375
Camera 34,White-tailed Deer,0.370882466
Camera 35,White-tailed Deer,4.821472059
Camera 35,White-tailed Deer,3.630284844
Camera 35,White-tailed Deer,6.278821984
Camera 35,White-tailed Deer,1.57515965
Camera 35,White-tailed Deer,4.939281783
Camera 35,White-tailed Deer,4.358959807
Camera 35,White-tailed Deer,1.099557429
Camera 35,White-tailed Deer,1.252273738
Camera 35,White-tailed Deer,2.635447171
Camera 35,White-tailed Deer,3.237585762
Camera 35,White-tailed Deer,3.630284844
Camera 35,White-tailed Deer,1.754055898
Camera 35,White-tailed Deer,4.354596484
Camera 35,White-tailed Deer,3.329215548
Camera 35,White-tailed Deer,1.060287521
Camera 35,White-tailed Deer,3.167772592
Camera 35,White-tailed Deer,3.054326191
Camera 35,White-tailed Deer,5.0745448
Camera 35,White-tailed Deer,1.775872514
Camera 35,White-tailed Deer,3.604104905
Camera 35,White-tailed Deer,1.976585378
Camera 35,White-tailed Deer,0.907571211
Camera 35,White-tailed Deer,1.42244334
Camera 35,White-tailed Deer,2.330014551
Camera 35,White-tailed Deer,1.029744259
Camera 35,White-tailed Deer,1.448623279
Camera 35,White-tailed Deer,2.260201381
Camera 35,White-tailed Deer,2.111848395
Camera 35,White-tailed Deer,1.623156204
Camera 35,White-tailed Deer,5.995205981
Camera 35,White-tailed Deer,0.274889357
Camera 35,White-tailed Deer,1.684242728
Camera 35,White-tailed Deer,2.43909763
Camera 35,White-tailed Deer,1.706059344
Camera 35,White-tailed Deer,2.504547477
Camera 35,White-tailed Deer,5.977752688
Camera 35,White-tailed Deer,5.523967083
Camera 35,White-tailed Deer,5.724679947
Camera 35,White-tailed Deer,1.387536755
Camera 35,White-tailed Deer,5.305800926
Camera 35,White-tailed Deer,5.78576647
Camera 35,White-tailed Deer,0.619591884
Camera 35,White-tailed Deer,1.291543646
Camera 35,White-tailed Deer,1.614429558
Camera 35,White-tailed Deer,3.957534079
Camera 35,White-tailed Deer,0.977384381
Camera 35,White-tailed Deer,5.022184923
Camera 35,White-tailed Deer,0.562868684
Camera 35,White-tailed Deer,3.953170756
Camera 35,White-tailed Deer,5.048364861
Camera 35,White-tailed Deer,5.606870222
Camera 35,White-tailed Deer,0.226892803
Camera 35,White-tailed Deer,2.87106662
Camera 35,White-tailed Deer,2.626720524
Camera 35,White-tailed Deer,3.381575426
Camera 35,White-tailed Deer,3.560471674
Camera 35,White-tailed Deer,1.243547092
Camera 35,White-tailed Deer,0.955567765
Camera 35,White-tailed Deer,3.647738137
Camera 35,White-tailed Deer,4.673119072
Camera 35,White-tailed Deer,1.79768913
Camera 35,White-tailed Deer,4.603305902
Camera 35,White-tailed Deer,3.887720909
Camera 35,White-tailed Deer,1.343903524
Camera 35,White-tailed Deer,5.057091508
Camera 35,White-tailed Deer,1.269727031
Camera 35,White-tailed Deer,5.471607205
Camera 35,White-tailed Deer,0.471238898
Camera 35,White-tailed Deer,5.633050161
Camera 35,White-tailed Deer,2.513274123
Camera 35,White-tailed Deer,0.305432619
Camera 35,White-tailed Deer,2.583087293
Camera 35,White-tailed Deer,2.35619449
Camera 35,White-tailed Deer,1.963495408
Camera 35,White-tailed Deer,5.951572749
Camera 35,White-tailed Deer,6.143558967
Camera 35,White-tailed Deer,1.479166541
Camera 35,White-tailed Deer,4.978551691
Camera 35,White-tailed Deer,6.086835766
Camera 35,White-tailed Deer,0.174532925
Camera 35,White-tailed Deer,2.347467844
Camera 35,White-tailed Deer,3.394665395
Camera 35,White-tailed Deer,5.135631324
Camera 35,White-tailed Deer,5.894849549
Camera 35,White-tailed Deer,1.740965929
Camera 35,White-tailed Deer,6.07810912
Camera 35,White-tailed Deer,1.125737368
Camera 35,White-tailed Deer,3.246312409
Camera 35,White-tailed Deer,5.545783698
Camera 35,White-tailed Deer,2.116211718
Camera 35,White-tailed Deer,0.274889357
Camera 35,White-tailed Deer,2.43909763
Camera 35,White-tailed Deer,3.612831552
Camera 35,White-tailed Deer,4.367686453
Camera 35,White-tailed Deer,1.980948701
Camera 35,White-tailed Deer,5.166174586
Camera 35,White-tailed Deer,1.029744259
Camera 35,White-tailed Deer,2.264564704
Camera 36,White-tailed Deer,5.030911569
Camera 36,White-tailed Deer,2.321287905
Camera 36,White-tailed Deer,5.035274892
Camera 36,White-tailed Deer,1.767145868
Camera 36,White-tailed Deer,1.596976266
Camera 36,White-tailed Deer,5.000368307
Camera 36,White-tailed Deer,4.847651997
Camera 36,White-tailed Deer,1.736602606
Camera 36,White-tailed Deer,3.896447555
Camera 36,White-tailed Deer,5.340707511
Camera 36,White-tailed Deer,0.859574657
Camera 36,White-tailed Deer,4.132067004
Camera 36,White-tailed Deer,4.472406208
Camera 36,White-tailed Deer,0.994837674
Camera 36,White-tailed Deer,4.529129409
Camera 36,White-tailed Deer,2.220931473
Camera 36,White-tailed Deer,4.053527188
Camera 36,White-tailed Deer,5.166174586
Camera 36,White-tailed Deer,3.58228829
Camera 36,White-tailed Deer,5.00473163
Camera 36,White-tailed Deer,1.893682238
Camera 36,White-tailed Deer,0.981747704
Camera 36,White-tailed Deer,5.083271446
Camera 36,White-tailed Deer,5.340707511
Camera 36,White-tailed Deer,6.038839212
Camera 36,White-tailed Deer,5.349434157
Camera 36,White-tailed Deer,3.979350695
Camera 36,White-tailed Deer,3.364122133
Camera 36,White-tailed Deer,5.249077725
Camera 36,White-tailed Deer,4.132067004
Camera 36,White-tailed Deer,2.220931473
Camera 36,White-tailed Deer,3.573561643
Camera 36,White-tailed Deer,5.000368307
Camera 36,White-tailed Deer,5.170537909
Camera 36,White-tailed Deer,4.524766086
Camera 36,White-tailed Deer,4.799655443
Camera 36,White-tailed Deer,3.124139361
Camera 36,White-tailed Deer,5.030911569
Camera 36,White-tailed Deer,4.847651997
Camera 36,White-tailed Deer,1.893682238
Camera 36,White-tailed Deer,5.083271446
Camera 36,White-tailed Deer,2.35619449
Camera 36,White-tailed Deer,4.472406208
Camera 36,White-tailed Deer,5.065818154
Camera 36,White-tailed Deer,4.053527188
Camera 36,White-tailed Deer,3.58228829
Camera 36,White-tailed Deer,1.605702912
Camera 36,White-tailed Deer,5.009094953
Camera 37,White-tailed Deer,0.187622895
Camera 37,White-tailed Deer,3.477568535
Camera 37,White-tailed Deer,0.689405055
Camera 37,White-tailed Deer,1.361356817
Camera 37,White-tailed Deer,0.536688745
Camera 37,White-tailed Deer,1.483529864
Camera 37,White-tailed Deer,0.021816616
Camera 37,White-tailed Deer,1.278453677
Camera 37,White-tailed Deer,6.082472443
Camera 37,White-tailed Deer,0.322885912
Camera 37,White-tailed Deer,0.702495024
Camera 37,White-tailed Deer,5.545783698
Camera 37,White-tailed Deer,6.07810912
Camera 37,White-tailed Deer,1.387536755
Camera 37,White-tailed Deer,6.073745797
Camera 37,White-tailed Deer,5.593780253
Camera 37,White-tailed Deer,6.113015705
Camera 37,White-tailed Deer,6.252642045
Camera 37,White-tailed Deer,0.287979327
Camera 37,White-tailed Deer,0.43196899
Camera 37,White-tailed Deer,1.2260938
Camera 37,White-tailed Deer,1.636246174
Camera 37,White-tailed Deer,1.898045562
Camera 37,White-tailed Deer,0.427605667
Camera 37,White-tailed Deer,4.385139746
Camera 37,White-tailed Deer,6.003932627
Camera 37,White-tailed Deer,1.125737368
Camera 37,White-tailed Deer,1.662426113
Camera 37,White-tailed Deer,5.899212872
Camera 37,White-tailed Deer,1.49225651
Camera 37,White-tailed Deer,5.362524127
Camera 37,White-tailed Deer,1.361356817
Camera 37,White-tailed Deer,1.051560874
Camera 37,White-tailed Deer,5.14435797
Camera 37,White-tailed Deer,5.410520681
Camera 37,White-tailed Deer,5.340707511
Camera 37,White-tailed Deer,1.165007276
Camera 37,White-tailed Deer,1.36572014
Camera 37,White-tailed Deer,0.021816616
Camera 37,White-tailed Deer,6.021385919
Camera 37,White-tailed Deer,0.785398163
Camera 37,White-tailed Deer,6.073745797
Camera 37,White-tailed Deer,0.846484687
Camera 37,White-tailed Deer,3.259402378
Camera 37,White-tailed Deer,6.017022596
Camera 37,White-tailed Deer,0.043633231
Camera 37,White-tailed Deer,1.697332698
Camera 37,White-tailed Deer,5.406157358
Camera 37,White-tailed Deer,0.205076187
Camera 37,White-tailed Deer,0.314159265
Camera 37,White-tailed Deer,0.506145483
Camera 37,White-tailed Deer,5.445427266
Camera 37,White-tailed Deer,5.733406593
Camera 37,White-tailed Deer,1.14319066
Camera 37,White-tailed Deer,5.624323515
Camera 37,White-tailed Deer,1.021017612
Camera 37,White-tailed Deer,5.78576647
Camera 37,White-tailed Deer,0.388335759
Camera 37,White-tailed Deer,5.807583086
Camera 37,White-tailed Deer,1.025380936
Camera 37,White-tailed Deer,1.57515965
Camera 37,White-tailed Deer,5.222897787
Camera 37,White-tailed Deer,1.727875959
Camera 37,White-tailed Deer,1.487893187
Camera 37,White-tailed Deer,0.410152374
Camera 37,White-tailed Deer,1.658062789
Camera 37,White-tailed Deer,5.489060498
Camera 37,White-tailed Deer,0.104719755
Camera 37,White-tailed Deer,5.379977419
Camera 37,White-tailed Deer,5.532693729
Camera 37,White-tailed Deer,1.692969374
Camera 37,White-tailed Deer,3.529928412
Camera 37,White-tailed Deer,5.222897787
Camera 37,White-tailed Deer,5.432337297
Camera 37,White-tailed Deer,1.173733922
Camera 37,White-tailed Deer,5.379977419
Camera 37,White-tailed Deer,0.397062405
Camera 37,White-tailed Deer,2.002765317
Camera 37,White-tailed Deer,0.074176493
Camera 37,White-tailed Deer,0.305432619
Camera 37,White-tailed Deer,0.829031395
Camera 37,White-tailed Deer,1.064650844
Camera 37,White-tailed Deer,5.471607205
Camera 37,White-tailed Deer,5.209807817
Camera 37,White-tailed Deer,1.544616388
Camera 37,White-tailed Deer,1.1475539830000001
Camera 37,White-tailed Deer,0.519235452
Camera 37,White-tailed Deer,1.732239283
Camera 37,White-tailed Deer,1.470439895
Camera 37,White-tailed Deer,0.008726646
Camera 37,White-tailed Deer,0.427605667
Camera 37,White-tailed Deer,1.378810109
Camera 37,White-tailed Deer,6.174102229
Camera 37,White-tailed Deer,1.278453677
Camera 37,White-tailed Deer,0.305432619
Camera 37,White-tailed Deer,5.502150467
Camera 37,White-tailed Deer,0.301069296
Camera 37,White-tailed Deer,0.41887902
Camera 37,White-tailed Deer,0.36215582
Camera 37,White-tailed Deer,1.610066235
Camera 37,White-tailed Deer,1.274090354
Camera 37,White-tailed Deer,1.055924197
Camera 37,White-tailed Deer,0.117809725
Camera 37,White-tailed Deer,0.968657735
Camera 37,White-tailed Deer,5.676683392
Camera 37,White-tailed Deer,0.785398163
Camera 37,White-tailed Deer,1.130100691
Camera 37,White-tailed Deer,1.531526419
Camera 37,White-tailed Deer,1.71478599
Camera 37,White-tailed Deer,0.187622895
Camera 37,White-tailed Deer,6.07810912
Camera 37,White-tailed Deer,1.383173432
Camera 37,White-tailed Deer,5.528330406
Camera 37,White-tailed Deer,0.100356432
Camera 37,White-tailed Deer,0.287979327
Camera 37,White-tailed Deer,6.095562413
Camera 37,White-tailed Deer,1.850049007
Camera 37,White-tailed Deer,5.523967083
Camera 37,White-tailed Deer,0.296705973
Camera 37,White-tailed Deer,1.535889742
Camera 37,White-tailed Deer,5.196717848
Camera 37,White-tailed Deer,0.872664626
Camera 37,White-tailed Deer,0.623955208
Camera 37,White-tailed Deer,6.099925736
Camera 37,White-tailed Deer,6.182828875
Camera 37,White-tailed Deer,0.536688745
Camera 37,White-tailed Deer,6.021385919
Camera 37,White-tailed Deer,1.474803218
Camera 37,White-tailed Deer,3.900810878
Camera 37,White-tailed Deer,1.671152759
Camera 37,White-tailed Deer,5.222897787
Camera 37,White-tailed Deer,1.182460568
Camera 37,White-tailed Deer,1.361356817
Camera 37,White-tailed Deer,5.410520681
Camera 37,White-tailed Deer,2.133665011
Camera 37,White-tailed Deer,2.713986987
Camera 37,White-tailed Deer,3.263765701
Camera 37,White-tailed Deer,0.327249235
Camera 37,White-tailed Deer,5.445427266
Camera 38,White-tailed Deer,5.288347634
Camera 38,White-tailed Deer,2.312561259
Camera 38,White-tailed Deer,5.423610651
Camera 38,White-tailed Deer,2.033308579
Camera 38,White-tailed Deer,3.630284844
Camera 38,White-tailed Deer,5.288347634
Camera 38,White-tailed Deer,3.390302072
Camera 38,White-tailed Deer,4.79529212
Camera 38,White-tailed Deer,4.799655443
Camera 38,White-tailed Deer,4.341506514
Camera 38,White-tailed Deer,5.196717848
Camera 38,White-tailed Deer,2.107485072
Camera 38,White-tailed Deer,3.748094569
Camera 38,White-tailed Deer,1.112647398
Camera 38,White-tailed Deer,1.745329252
Camera 38,White-tailed Deer,5.14435797
Camera 38,White-tailed Deer,0.623955208
Camera 38,White-tailed Deer,2.530727415
Camera 38,White-tailed Deer,6.099925736
Camera 38,White-tailed Deer,0.100356432
Camera 38,White-tailed Deer,2.00712864
Camera 38,White-tailed Deer,1.653699466
Camera 38,White-tailed Deer,0.414515697
Camera 38,White-tailed Deer,1.627519527
Camera 38,White-tailed Deer,2.308197936
Camera 38,White-tailed Deer,3.643374814
Camera 38,White-tailed Deer,2.21656815
Camera 38,White-tailed Deer,5.196717848
Camera 38,White-tailed Deer,2.111848395
Camera 38,White-tailed Deer,3.704461337
Camera 38,White-tailed Deer,1.950405439
Camera 38,White-tailed Deer,3.390302072
Camera 38,White-tailed Deer,4.78220215
Camera 38,White-tailed Deer,2.530727415
Camera 38,White-tailed Deer,2.338741198
Camera 38,White-tailed Deer,5.423610651
Camera 38,White-tailed Deer,2.002765317
Camera 39,White-tailed Deer,2.059488517
Camera 39,White-tailed Deer,1.780235837
Camera 39,White-tailed Deer,4.852015321
Camera 39,White-tailed Deer,5.170537909
Camera 39,White-tailed Deer,1.623156204
Camera 39,White-tailed Deer,1.915498854
Camera 39,White-tailed Deer,0.72431164
Camera 39,White-tailed Deer,1.828232391
Camera 39,White-tailed Deer,1.775872514
Camera 39,White-tailed Deer,1.93731547
Camera 39,White-tailed Deer,1.025380936
Camera 39,White-tailed Deer,2.181661565
Camera 39,White-tailed Deer,3.625921521
Camera 39,White-tailed Deer,4.127703681
Camera 39,White-tailed Deer,4.398229715
Camera 39,White-tailed Deer,3.023782929
Camera 39,White-tailed Deer,4.821472059
Camera 39,White-tailed Deer,3.468841888
Camera 39,White-tailed Deer,1.500983157
Camera 39,White-tailed Deer,1.911135531
Camera 39,White-tailed Deer,4.36332313
Camera 39,White-tailed Deer,2.111848395
Camera 39,White-tailed Deer,1.793325806
Camera 39,White-tailed Deer,4.110250388
Camera 39,White-tailed Deer,2.06385184
Camera 39,White-tailed Deer,2.35619449
Camera 39,White-tailed Deer,4.249876729
Camera 39,White-tailed Deer,1.806415776
Camera 39,White-tailed Deer,4.110250388
Camera 39,White-tailed Deer,4.878195259
Camera 39,White-tailed Deer,0.200712864
Camera 39,White-tailed Deer,2.164208272
Camera 39,White-tailed Deer,1.780235837
Camera 39,White-tailed Deer,2.103121749
Camera 39,White-tailed Deer,5.301437603
Camera 39,White-tailed Deer,1.845685684
Camera 39,White-tailed Deer,3.630284844
Camera 39,White-tailed Deer,4.249876729
Camera 39,White-tailed Deer,4.821472059
Camera 39,White-tailed Deer,1.810779099
Camera 39,White-tailed Deer,4.175700235
Camera 39,White-tailed Deer,1.78459916
Camera 4,White-tailed Deer,0.205076187
Camera 4,White-tailed Deer,1.1475539830000001
Camera 4,White-tailed Deer,5.423610651
Camera 4,White-tailed Deer,1.605702912
Camera 4,White-tailed Deer,1.793325806
Camera 4,White-tailed Deer,3.621558198
Camera 4,White-tailed Deer,5.183627878
Camera 4,White-tailed Deer,4.764748858
Camera 4,White-tailed Deer,3.852814324
Camera 4,White-tailed Deer,1.815142422
Camera 4,White-tailed Deer,2.020218609
Camera 4,White-tailed Deer,5.301437603
Camera 4,White-tailed Deer,1.880592269
Camera 4,White-tailed Deer,0.013089969
Camera 4,White-tailed Deer,1.780235837
Camera 4,White-tailed Deer,5.262167695
Camera 40,White-tailed Deer,5.310164249
Camera 40,White-tailed Deer,4.267330021
Camera 40,White-tailed Deer,4.022983926
Camera 40,White-tailed Deer,5.650503453
Camera 40,White-tailed Deer,1.042834228
Camera 40,White-tailed Deer,3.1503193
Camera 40,White-tailed Deer,1.871865623
Camera 40,White-tailed Deer,5.36688745
Camera 40,White-tailed Deer,0.401425728
Camera 40,White-tailed Deer,3.70882466
Camera 40,White-tailed Deer,0.383972435
Camera 40,White-tailed Deer,4.07098048
Camera 40,White-tailed Deer,1.780235837
Camera 40,White-tailed Deer,1.261000385
Camera 40,White-tailed Deer,0.737401609
Camera 40,White-tailed Deer,5.022184923
Camera 40,White-tailed Deer,0.305432619
Camera 40,White-tailed Deer,0.353429174
Camera 40,White-tailed Deer,0.266162711
Camera 40,White-tailed Deer,1.967858732
Camera 40,White-tailed Deer,2.644173817
Camera 40,White-tailed Deer,5.336344188
Camera 40,White-tailed Deer,1.653699466
Camera 40,White-tailed Deer,3.730641276
Camera 40,White-tailed Deer,1.819505745
Camera 40,White-tailed Deer,1.666789436
Camera 40,White-tailed Deer,5.419247327
Camera 40,White-tailed Deer,5.375614096
Camera 40,White-tailed Deer,1.828232391
Camera 40,White-tailed Deer,4.904375198
Camera 40,White-tailed Deer,5.558873668
Camera 40,White-tailed Deer,3.682644722
Camera 40,White-tailed Deer,1.893682238
Camera 40,White-tailed Deer,5.375614096
Camera 40,White-tailed Deer,6.182828875
Camera 40,White-tailed Deer,0.074176493
Camera 40,White-tailed Deer,1.42244334
Camera 40,White-tailed Deer,5.100724739
Camera 40,White-tailed Deer,5.563236991
Camera 40,White-tailed Deer,2.604903909
Camera 40,White-tailed Deer,0.999200997
Camera 40,White-tailed Deer,0.562868684
Camera 40,White-tailed Deer,1.588249619
Camera 40,White-tailed Deer,2.622357201
Camera 40,White-tailed Deer,4.066617157
Camera 40,White-tailed Deer,1.972222055
Camera 40,White-tailed Deer,4.459316239
Camera 40,White-tailed Deer,0.619591884
Camera 40,White-tailed Deer,5.427973974
Camera 40,White-tailed Deer,5.681046715
Camera 40,White-tailed Deer,1.658062789
Camera 40,White-tailed Deer,1.828232391
Camera 40,White-tailed Deer,0.575958653
Camera 40,White-tailed Deer,1.042834228
Camera 40,White-tailed Deer,5.432337297
Camera 40,White-tailed Deer,1.1475539830000001
Camera 40,White-tailed Deer,1.588249619
Camera 40,White-tailed Deer,3.713187984
Camera 40,White-tailed Deer,3.730641276
Camera 40,White-tailed Deer,1.893682238
Camera 40,White-tailed Deer,1.692969374
Camera 5,White-tailed Deer,3.673918075
Camera 5,White-tailed Deer,3.538655058
Camera 5,White-tailed Deer,2.836160034
Camera 5,White-tailed Deer,5.615596868
Camera 6,White-tailed Deer,5.122541355
Camera 6,White-tailed Deer,2.460914245
Camera 6,White-tailed Deer,5.061454831
Camera 6,White-tailed Deer,2.116211718
Camera 6,White-tailed Deer,3.573561643
Camera 6,White-tailed Deer,4.420046331
Camera 6,White-tailed Deer,4.590215933
Camera 6,White-tailed Deer,1.21300383
Camera 6,White-tailed Deer,5.571963637
Camera 6,White-tailed Deer,3.748094569
Camera 6,White-tailed Deer,4.463679562
Camera 6,White-tailed Deer,5.083271446
Camera 6,White-tailed Deer,3.957534079
Camera 6,White-tailed Deer,4.620759195
Camera 6,White-tailed Deer,2.460914245
Camera 6,White-tailed Deer,5.061454831
Camera 7,White-tailed Deer,1.675516082
Camera 7,White-tailed Deer,0.178896248
Camera 7,White-tailed Deer,2.020218609
Camera 7,White-tailed Deer,2.522000769
Camera 7,White-tailed Deer,5.515240436
Camera 7,White-tailed Deer,5.340707511
Camera 7,White-tailed Deer,5.340707511
Camera 7,White-tailed Deer,3.185225885
Camera 7,White-tailed Deer,5.323254219
Camera 8,White-tailed Deer,1.313360262
Camera 8,White-tailed Deer,2.722713633
Camera 8,White-tailed Deer,5.026548246
Camera 8,White-tailed Deer,0.977384381
Camera 8,White-tailed Deer,2.875429943
Camera 8,White-tailed Deer,0.737401609
Camera 8,White-tailed Deer,1.898045562
Camera 8,White-tailed Deer,3.281218994
Camera 8,White-tailed Deer,5.222897787
Camera 8,White-tailed Deer,1.221730476
Camera 8,White-tailed Deer,3.307398933
Camera 8,White-tailed Deer,1.662426113
Camera 8,White-tailed Deer,3.835361031
Camera 8,White-tailed Deer,5.462880559
Camera 8,White-tailed Deer,1.732239283
Camera 8,White-tailed Deer,2.517637446
Camera 8,White-tailed Deer,1.130100691
Camera 8,White-tailed Deer,1.016654289
Camera 8,White-tailed Deer,2.068215164
Camera 8,White-tailed Deer,4.219333467
Camera 8,White-tailed Deer,2.151118303
Camera 8,White-tailed Deer,1.836959038
Camera 8,White-tailed Deer,1.016654289
Camera 8,White-tailed Deer,2.600540585
Camera 8,White-tailed Deer,2.103121749
Camera 8,White-tailed Deer,4.93491846
Camera 8,White-tailed Deer,1.823869068
Camera 8,White-tailed Deer,5.50651379
Camera 8,White-tailed Deer,4.049163865
Camera 8,White-tailed Deer,2.124938364
Camera 8,White-tailed Deer,2.033308579
Camera 8,White-tailed Deer,0.017453293
Camera 8,White-tailed Deer,2.072578487
Camera 8,White-tailed Deer,0.78103484
Camera 8,White-tailed Deer,2.421644337
Camera 8,White-tailed Deer,2.186024888
Camera 8,White-tailed Deer,4.367686453
Camera 8,White-tailed Deer,1.544616388
Camera 8,White-tailed Deer,2.085668456
Camera 8,White-tailed Deer,1.356993493
Camera 8,White-tailed Deer,1.732239283
Camera 8,White-tailed Deer,2.142391657
Camera 8,White-tailed Deer,2.626720524
Camera 8,White-tailed Deer,1.932952147
Camera 8,White-tailed Deer,5.22726111
Camera 8,White-tailed Deer,2.260201381
Camera 8,White-tailed Deer,1.247910415
Camera 8,White-tailed Deer,5.454153912
Camera 8,White-tailed Deer,1.723512636
Camera 8,White-tailed Deer,2.068215164
Camera 8,White-tailed Deer,1.902408885
Camera 8,White-tailed Deer,1.841322361
Camera 8,White-tailed Deer,2.517637446
Camera 8,White-tailed Deer,5.349434157
Camera 8,White-tailed Deer,1.832595715
Camera 8,White-tailed Deer,1.767145868
Camera 8,White-tailed Deer,2.151118303
Camera 8,White-tailed Deer,4.664392426
Camera 8,White-tailed Deer,2.260201381
Camera 8,White-tailed Deer,4.703662334
Camera 8,White-tailed Deer,1.775872514
Camera 8,White-tailed Deer,1.954768762
Camera 8,White-tailed Deer,0.990474351
Camera 8,White-tailed Deer,2.164208272
Camera 8,White-tailed Deer,3.974987371
Camera 8,White-tailed Deer,2.072578487
Camera 8,White-tailed Deer,2.42600766
Camera 8,White-tailed Deer,3.281218994
Camera 8,White-tailed Deer,5.21417114
Camera 8,White-tailed Deer,5.205444494
Camera 8,White-tailed Deer,1.204277184
Camera 8,White-tailed Deer,3.307398933
Camera 9,White-tailed Deer,0.488692191
Camera 9,White-tailed Deer,3.809181092
Camera 9,White-tailed Deer,2.351831167
Camera 9,White-tailed Deer,5.017821599
Camera 9,White-tailed Deer,2.020218609
Camera 9,White-tailed Deer,1.767145868
Camera 9,White-tailed Deer,3.224495793
Camera 9,White-tailed Deer,1.788962483
Camera 9,White-tailed Deer,2.364921136
Camera 9,White-tailed Deer,3.49938515
Camera 9,White-tailed Deer,5.510877113
Camera 9,White-tailed Deer,2.382374429
Camera 9,White-tailed Deer,5.580690283
Camera 9,White-tailed Deer,6.056292504
Camera 9,White-tailed Deer,1.583886296
Camera 9,White-tailed Deer,5.846852994
Camera 9,White-tailed Deer,2.705260341
Camera 9,White-tailed Deer,1.71478599
Camera 9,White-tailed Deer,5.585053606
Camera 9,White-tailed Deer,6.270095338
Camera 9,White-tailed Deer,2.347467844
Camera 9,White-tailed Deer,5.017821599
Camera 9,White-tailed Deer,1.902408885
Camera 9,White-tailed Deer,1.767145868
Camera 1,Wild Pig,5.942846103
Camera 1,Wild Pig,5.502150467
Camera 1,Wild Pig,4.280419991
Camera 1,Wild Pig,5.057091508
Camera 1,Wild Pig,4.948008429
Camera 1,Wild Pig,2.478367538
Camera 1,Wild Pig,4.930555137
Camera 1,Wild Pig,2.443460953
Camera 1,Wild Pig,5.022184923
Camera 1,Wild Pig,1.823869068
Camera 10,Wild Pig,0.719948316
Camera 10,Wild Pig,1.775872514
Camera 10,Wild Pig,3.883357586
Camera 10,Wild Pig,4.162610266
Camera 10,Wild Pig,1.810779099
Camera 10,Wild Pig,1.383173432
Camera 10,Wild Pig,1.959132085
Camera 10,Wild Pig,6.117379028
Camera 10,Wild Pig,0.885754595
Camera 10,Wild Pig,1.42244334
Camera 11,Wild Pig,0.353429174
Camera 11,Wild Pig,5.523967083
Camera 11,Wild Pig,5.825036379
Camera 11,Wild Pig,6.139195644
Camera 11,Wild Pig,1.138827337
Camera 11,Wild Pig,0.270526034
Camera 11,Wild Pig,1.330813555
Camera 12,Wild Pig,0.36215582
Camera 12,Wild Pig,0.100356432
Camera 13,Wild Pig,2.312561259
Camera 13,Wild Pig,1.919862177
Camera 13,Wild Pig,5.096361416
Camera 13,Wild Pig,5.637413484
Camera 13,Wild Pig,5.598143576
Camera 13,Wild Pig,0.837758041
Camera 13,Wild Pig,0.754854901
Camera 13,Wild Pig,1.42244334
Camera 13,Wild Pig,6.00829595
Camera 14,Wild Pig,5.305800926
Camera 14,Wild Pig,5.427973974
Camera 15,Wild Pig,1.514073126
Camera 16,Wild Pig,2.098758426
Camera 16,Wild Pig,1.21300383
Camera 16,Wild Pig,0.510508806
Camera 16,Wild Pig,5.977752688
Camera 16,Wild Pig,5.654866776
Camera 16,Wild Pig,2.098758426
Camera 16,Wild Pig,5.445427266
Camera 16,Wild Pig,5.480333851
Camera 16,Wild Pig,0.623955208
Camera 16,Wild Pig,4.075343803
Camera 16,Wild Pig,0.466875575
Camera 17,Wild Pig,2.081305133
Camera 17,Wild Pig,3.207042501
Camera 17,Wild Pig,0.706858347
Camera 17,Wild Pig,5.720316623
Camera 17,Wild Pig,5.955936072
Camera 17,Wild Pig,0.078539816
Camera 17,Wild Pig,4.961098399
Camera 17,Wild Pig,5.969026042
Camera 17,Wild Pig,5.833763025
Camera 17,Wild Pig,5.825036379
Camera 17,Wild Pig,5.916666164
Camera 19,Wild Pig,0.41887902
Camera 19,Wild Pig,4.398229715
Camera 19,Wild Pig,6.226462106
Camera 19,Wild Pig,4.64257581
Camera 19,Wild Pig,3.377212103
Camera 19,Wild Pig,1.108284075
Camera 19,Wild Pig,4.4331363
Camera 19,Wild Pig,5.113814708
Camera 19,Wild Pig,5.257804372
Camera 19,Wild Pig,4.564035994
Camera 19,Wild Pig,3.268129024
Camera 19,Wild Pig,4.559672671
Camera 19,Wild Pig,0.733038286
Camera 2,Wild Pig,1.186823891
Camera 2,Wild Pig,4.454952916
Camera 2,Wild Pig,6.034475889
Camera 2,Wild Pig,0.287979327
Camera 2,Wild Pig,2.853613327
Camera 2,Wild Pig,2.42600766
Camera 2,Wild Pig,4.869468613
Camera 2,Wild Pig,1.976585378
Camera 2,Wild Pig,1.819505745
Camera 2,Wild Pig,5.030911569
Camera 2,Wild Pig,4.603305902
Camera 2,Wild Pig,5.022184923
Camera 2,Wild Pig,3.756821215
Camera 2,Wild Pig,5.523967083
Camera 2,Wild Pig,2.556907354
Camera 2,Wild Pig,3.394665395
Camera 2,Wild Pig,5.619960191
Camera 2,Wild Pig,0.471238898
Camera 2,Wild Pig,3.447025273
Camera 2,Wild Pig,5.257804372
Camera 2,Wild Pig,4.690572365
Camera 2,Wild Pig,2.247111412
Camera 2,Wild Pig,3.06741616
Camera 2,Wild Pig,5.327617542
Camera 2,Wild Pig,1.954768762
Camera 2,Wild Pig,2.264564704
Camera 2,Wild Pig,5.122541355
Camera 2,Wild Pig,1.893682238
Camera 2,Wild Pig,2.290744643
Camera 2,Wild Pig,2.303834613
Camera 2,Wild Pig,2.561270677
Camera 2,Wild Pig,1.553343034
Camera 2,Wild Pig,5.921029487
Camera 2,Wild Pig,5.279620987
Camera 2,Wild Pig,5.480333851
Camera 2,Wild Pig,4.926191814
Camera 2,Wild Pig,2.303834613
Camera 2,Wild Pig,3.669554752
Camera 20,Wild Pig,0.017453293
Camera 20,Wild Pig,1.985312024
Camera 20,Wild Pig,0.907571211
Camera 20,Wild Pig,0.309795942
Camera 20,Wild Pig,5.807583086
Camera 20,Wild Pig,5.829399702
Camera 20,Wild Pig,1.666789436
Camera 20,Wild Pig,5.070181477
Camera 20,Wild Pig,5.257804372
Camera 20,Wild Pig,1.182460568
Camera 20,Wild Pig,1.662426113
Camera 20,Wild Pig,5.201081171
Camera 20,Wild Pig,5.432337297
Camera 20,Wild Pig,0.309795942
Camera 20,Wild Pig,1.426806664
Camera 20,Wild Pig,0.986111027
Camera 20,Wild Pig,1.618792881
Camera 20,Wild Pig,1.679879405
Camera 20,Wild Pig,1.627519527
Camera 20,Wild Pig,1.557706357
Camera 20,Wild Pig,2.316924582
Camera 20,Wild Pig,1.858775653
Camera 20,Wild Pig,1.710422667
Camera 20,Wild Pig,2.225294796
Camera 21,Wild Pig,6.034475889
Camera 21,Wild Pig,5.36688745
Camera 21,Wild Pig,3.198315854
Camera 21,Wild Pig,4.249876729
Camera 21,Wild Pig,3.7917278
Camera 21,Wild Pig,3.281218994
Camera 21,Wild Pig,0.741764932
Camera 21,Wild Pig,4.664392426
Camera 21,Wild Pig,5.166174586
Camera 21,Wild Pig,3.948807433
Camera 21,Wild Pig,5.222897787
Camera 22,Wild Pig,0.680678408
Camera 22,Wild Pig,2.92778982
Camera 22,Wild Pig,3.250675732
Camera 22,Wild Pig,5.554510344
Camera 22,Wild Pig,2.103121749
Camera 22,Wild Pig,2.945243113
Camera 22,Wild Pig,3.477568535
Camera 22,Wild Pig,5.64614013
Camera 22,Wild Pig,2.068215164
Camera 22,Wild Pig,2.631083847
Camera 22,Wild Pig,1.719149313
Camera 22,Wild Pig,5.467243882
Camera 22,Wild Pig,2.783800157
Camera 22,Wild Pig,6.095562413
Camera 22,Wild Pig,0.619591884
Camera 22,Wild Pig,5.676683392
Camera 22,Wild Pig,2.364921136
Camera 22,Wild Pig,4.786565474
Camera 22,Wild Pig,2.277654674
Camera 22,Wild Pig,4.232423436
Camera 22,Wild Pig,0.13962634
Camera 22,Wild Pig,1.247910415
Camera 22,Wild Pig,2.28638132
Camera 22,Wild Pig,5.624323515
Camera 22,Wild Pig,6.270095338
Camera 22,Wild Pig,0.244346095
Camera 22,Wild Pig,6.07810912
Camera 23,Wild Pig,5.249077725
Camera 23,Wild Pig,4.804018766
Camera 23,Wild Pig,3.207042501
Camera 23,Wild Pig,4.472406208
Camera 23,Wild Pig,3.076142807
Camera 23,Wild Pig,4.092797096
Camera 23,Wild Pig,5.257804372
Camera 23,Wild Pig,4.424409654
Camera 23,Wild Pig,3.163409269
Camera 23,Wild Pig,4.891285229
Camera 23,Wild Pig,4.904375198
Camera 23,Wild Pig,4.882558582
Camera 24,Wild Pig,5.08763477
Camera 24,Wild Pig,4.825835382
Camera 24,Wild Pig,5.554510344
Camera 24,Wild Pig,2.203478181
Camera 24,Wild Pig,4.703662334
Camera 24,Wild Pig,3.761184538
Camera 24,Wild Pig,5.619960191
Camera 24,Wild Pig,0.340339204
Camera 24,Wild Pig,0.610865238
Camera 24,Wild Pig,5.838126348
Camera 25,Wild Pig,0.013089969
Camera 25,Wild Pig,0.122173048
Camera 25,Wild Pig,4.625122518
Camera 25,Wild Pig,5.105088062
Camera 25,Wild Pig,2.046398548
Camera 25,Wild Pig,2.203478181
Camera 25,Wild Pig,1.627519527
Camera 25,Wild Pig,4.786565474
Camera 25,Wild Pig,5.017821599
Camera 25,Wild Pig,5.305800926
Camera 25,Wild Pig,4.454952916
Camera 25,Wild Pig,4.760385535
Camera 25,Wild Pig,5.044001538
Camera 25,Wild Pig,2.644173817
Camera 25,Wild Pig,1.8675023
Camera 25,Wild Pig,5.292710957
Camera 25,Wild Pig,5.541420375
Camera 25,Wild Pig,5.519603759
Camera 25,Wild Pig,0.881391272
Camera 25,Wild Pig,3.804817769
Camera 25,Wild Pig,4.550946025
Camera 25,Wild Pig,2.430370983
Camera 25,Wild Pig,3.643374814
Camera 25,Wild Pig,4.860741967
Camera 25,Wild Pig,1.915498854
Camera 25,Wild Pig,0.925024504
Camera 25,Wild Pig,5.253441049
Camera 25,Wild Pig,1.592612942
Camera 25,Wild Pig,5.912302841
Camera 26,Wild Pig,0.287979327
Camera 27,Wild Pig,0.052359878
Camera 27,Wild Pig,0.357792497
Camera 27,Wild Pig,5.393067389
Camera 27,Wild Pig,0.558505361
Camera 27,Wild Pig,3.028146252
Camera 27,Wild Pig,2.251474735
Camera 27,Wild Pig,2.260201381
Camera 27,Wild Pig,2.639810494
Camera 27,Wild Pig,2.124938364
Camera 27,Wild Pig,1.1475539830000001
Camera 27,Wild Pig,5.467243882
Camera 28,Wild Pig,0.785398163
Camera 28,Wild Pig,0.72431164
Camera 28,Wild Pig,5.838126348
Camera 28,Wild Pig,5.772676501
Camera 28,Wild Pig,5.921029487
Camera 28,Wild Pig,5.379977419
Camera 28,Wild Pig,5.615596868
Camera 28,Wild Pig,5.462880559
Camera 28,Wild Pig,6.239552076
Camera 29,Wild Pig,1.234820446
Camera 29,Wild Pig,2.164208272
Camera 29,Wild Pig,0.087266463
Camera 29,Wild Pig,1.099557429
Camera 29,Wild Pig,1.793325806
Camera 29,Wild Pig,2.238384766
Camera 29,Wild Pig,0.065449847
Camera 29,Wild Pig,6.274458661
Camera 29,Wild Pig,5.689773362
Camera 3,Wild Pig,0.842121364
Camera 3,Wild Pig,2.569997324
Camera 3,Wild Pig,2.761983541
Camera 3,Wild Pig,2.914699851
Camera 3,Wild Pig,3.621558198
Camera 3,Wild Pig,4.284783314
Camera 3,Wild Pig,0.327249235
Camera 3,Wild Pig,3.621558198
Camera 3,Wild Pig,2.94087979
Camera 3,Wild Pig,3.564834997
Camera 3,Wild Pig,3.765547861
Camera 3,Wild Pig,4.289146637
Camera 3,Wild Pig,3.412118688
Camera 3,Wild Pig,4.062253834
Camera 3,Wild Pig,4.21060682
Camera 3,Wild Pig,3.372848779
Camera 3,Wild Pig,5.558873668
Camera 3,Wild Pig,4.262966698
Camera 3,Wild Pig,4.258603375
Camera 3,Wild Pig,1.614429558
Camera 3,Wild Pig,1.828232391
Camera 3,Wild Pig,6.126105675
Camera 30,Wild Pig,0.174532925
Camera 30,Wild Pig,0.235619449
Camera 31,Wild Pig,0.017453293
Camera 31,Wild Pig,1.540253065
Camera 31,Wild Pig,5.637413484
Camera 31,Wild Pig,0.143989663
Camera 31,Wild Pig,1.745329252
Camera 31,Wild Pig,0.93375115
Camera 31,Wild Pig,1.374446786
Camera 31,Wild Pig,0.802851456
Camera 31,Wild Pig,5.35379748
Camera 31,Wild Pig,5.969026042
Camera 31,Wild Pig,5.362524127
Camera 31,Wild Pig,6.182828875
Camera 32,Wild Pig,4.555309348
Camera 32,Wild Pig,2.709623664
Camera 32,Wild Pig,3.28994564
Camera 32,Wild Pig,3.617194875
Camera 32,Wild Pig,3.259402378
Camera 32,Wild Pig,2.953969759
Camera 32,Wild Pig,0.266162711
Camera 32,Wild Pig,4.769112181
Camera 32,Wild Pig,4.214970144
Camera 32,Wild Pig,4.389503069
Camera 32,Wild Pig,4.900011875
Camera 32,Wild Pig,2.020218609
Camera 32,Wild Pig,2.177298242
Camera 32,Wild Pig,3.451388596
Camera 32,Wild Pig,4.428772977
Camera 34,Wild Pig,2.07694181
Camera 34,Wild Pig,6.23082543
Camera 34,Wild Pig,4.315326576
Camera 34,Wild Pig,5.480333851
Camera 34,Wild Pig,0.859574657
Camera 34,Wild Pig,1.675516082
Camera 34,Wild Pig,1.117010721
Camera 34,Wild Pig,2.229658119
Camera 34,Wild Pig,2.5089108
Camera 34,Wild Pig,5.345070834
Camera 34,Wild Pig,5.859942964
Camera 34,Wild Pig,5.794493117
Camera 35,Wild Pig,0.911934534
Camera 35,Wild Pig,0.663225116
Camera 35,Wild Pig,0.584685299
Camera 35,Wild Pig,5.052728185
Camera 35,Wild Pig,0.22252948
Camera 35,Wild Pig,0.008726646
Camera 35,Wild Pig,3.202679177
Camera 35,Wild Pig,3.438298626
Camera 35,Wild Pig,3.726277953
Camera 35,Wild Pig,2.652900463
Camera 35,Wild Pig,1.291543646
Camera 35,Wild Pig,1.444259956
Camera 35,Wild Pig,5.240351079
Camera 36,Wild Pig,4.830198705
Camera 37,Wild Pig,1.49225651
Camera 37,Wild Pig,1.911135531
Camera 37,Wild Pig,1.880592269
Camera 37,Wild Pig,0.632681854
Camera 38,Wild Pig,1.771509191
Camera 38,Wild Pig,1.697332698
Camera 38,Wild Pig,6.043202535
Camera 38,Wild Pig,0.026179939
Camera 38,Wild Pig,5.663593423
Camera 38,Wild Pig,5.484697174
Camera 38,Wild Pig,5.231624433
Camera 39,Wild Pig,0.436332313
Camera 39,Wild Pig,5.052728185
Camera 39,Wild Pig,5.21417114
Camera 39,Wild Pig,0.27925268
Camera 39,Wild Pig,0.344702527
Camera 39,Wild Pig,0.523598776
Camera 4,Wild Pig,2.447824276
Camera 4,Wild Pig,4.891285229
Camera 4,Wild Pig,3.259402378
Camera 4,Wild Pig,3.996803987
Camera 4,Wild Pig,6.091199089
Camera 4,Wild Pig,5.166174586
Camera 4,Wild Pig,4.756022212
Camera 4,Wild Pig,0.205076187
Camera 4,Wild Pig,0.388335759
Camera 4,Wild Pig,0.567232007
Camera 4,Wild Pig,3.604104905
Camera 4,Wild Pig,1.14319066
Camera 4,Wild Pig,2.631083847
Camera 4,Wild Pig,0.859574657
Camera 4,Wild Pig,1.963495408
Camera 40,Wild Pig,2.172934919
Camera 40,Wild Pig,4.537856055
Camera 40,Wild Pig,0.392699082
Camera 40,Wild Pig,4.302236606
Camera 40,Wild Pig,4.895648552
Camera 40,Wild Pig,1.671152759
Camera 40,Wild Pig,2.447824276
Camera 40,Wild Pig,2.735803603
Camera 40,Wild Pig,0.772308194
Camera 40,Wild Pig,2.526364092
Camera 40,Wild Pig,1.954768762
Camera 40,Wild Pig,5.052728185
Camera 40,Wild Pig,1.93731547
Camera 40,Wild Pig,2.347467844
Camera 40,Wild Pig,5.035274892
Camera 5,Wild Pig,0.916297857
Camera 5,Wild Pig,4.472406208
Camera 5,Wild Pig,2.57872397
Camera 5,Wild Pig,5.724679947
Camera 5,Wild Pig,1.016654289
Camera 5,Wild Pig,0.610865238
Camera 5,Wild Pig,5.519603759
Camera 5,Wild Pig,2.242748089
Camera 5,Wild Pig,6.270095338
Camera 5,Wild Pig,1.457349925
Camera 5,Wild Pig,6.073745797
Camera 6,Wild Pig,1.697332698
Camera 6,Wild Pig,1.2260938
Camera 6,Wild Pig,5.013458276
Camera 6,Wild Pig,4.284783314
Camera 6,Wild Pig,5.384340742
Camera 6,Wild Pig,5.445427266
Camera 7,Wild Pig,5.161811263
Camera 7,Wild Pig,4.376413099
Camera 7,Wild Pig,1.675516082
Camera 7,Wild Pig,2.513274123
Camera 7,Wild Pig,5.427973974
Camera 7,Wild Pig,2.129301687
Camera 7,Wild Pig,5.096361416
Camera 7,Wild Pig,1.740965929
Camera 7,Wild Pig,5.990842657
Camera 7,Wild Pig,0.898844565
Camera 7,Wild Pig,1.199913861
Camera 7,Wild Pig,5.379977419
Camera 7,Wild Pig,5.554510344
Camera 7,Wild Pig,6.187192198
Camera 7,Wild Pig,0.327249235
Camera 7,Wild Pig,0.523598776
Camera 7,Wild Pig,0.833394718
Camera 7,Wild Pig,1.195550538
Camera 7,Wild Pig,5.903576195
Camera 7,Wild Pig,5.427973974
Camera 7,Wild Pig,5.231624433
Camera 7,Wild Pig,1.566433004
Camera 7,Wild Pig,4.332779868
Camera 7,Wild Pig,4.616395872
Camera 7,Wild Pig,6.191555521
Camera 7,Wild Pig,0.916297857
Camera 7,Wild Pig,5.689773362
Camera 8,Wild Pig,2.081305133
Camera 8,Wild Pig,3.006329637
Camera 8,Wild Pig,3.399028718
Camera 8,Wild Pig,4.066617157
Camera 8,Wild Pig,4.78220215
Camera 8,Wild Pig,5.135631324
Camera 8,Wild Pig,2.875429943
Camera 8,Wild Pig,3.687008045
Camera 8,Wild Pig,3.957534079
Camera 8,Wild Pig,1.762782545
Camera 8,Wild Pig,6.047565858
Camera 8,Wild Pig,5.598143576
Camera 8,Wild Pig,1.343903524
Camera 8,Wild Pig,2.068215164
Camera 8,Wild Pig,5.510877113
Camera 8,Wild Pig,0.170169602
Camera 8,Wild Pig,1.583886296
Camera 8,Wild Pig,4.969825045
Camera 8,Wild Pig,5.737769916
Camera 8,Wild Pig,5.153084617
Camera 8,Wild Pig,2.875429943
Camera 8,Wild Pig,1.614429558
Camera 8,Wild Pig,4.847651997
Camera 8,Wild Pig,1.876228946
Camera 8,Wild Pig,2.617993878
Camera 8,Wild Pig,2.993239667
Camera 8,Wild Pig,5.310164249
Camera 8,Wild Pig,6.065019151
Camera 8,Wild Pig,1.557706357
Camera 8,Wild Pig,5.458517236
Camera 8,Wild Pig,0.148352986
Camera 8,Wild Pig,0.392699082
Camera 8,Wild Pig,0.733038286
Camera 8,Wild Pig,5.384340742
Camera 8,Wild Pig,5.742133239
Camera 8,Wild Pig,1.662426113
Camera 8,Wild Pig,3.263765701
Camera 8,Wild Pig,4.58585261
Camera 8,Wild Pig,5.091998093
Camera 8,Wild Pig,5.598143576
Camera 8,Wild Pig,1.566433004
Camera 8,Wild Pig,5.026548246
Camera 8,Wild Pig,5.262167695
Camera 8,Wild Pig,0.414515697
Camera 8,Wild Pig,5.877396256
Camera 8,Wild Pig,1.479166541
Camera 8,Wild Pig,5.454153912
Camera 8,Wild Pig,1.439896633
Camera 8,Wild Pig,1.138827337
Camera 8,Wild Pig,5.318890895
Camera 8,Wild Pig,5.934119457
Camera 9,Wild Pig,5.205444494
Camera 9,Wild Pig,5.881759579
Camera 9,Wild Pig,0.026179939
Camera 9,Wild Pig,4.926191814
Camera 9,Wild Pig,5.973389365
Camera 9,Wild Pig,1.169370599
Camera 9,Wild Pig,5.070181477
Camera 9,Wild Pig,6.274458661
Camera 9,Wild Pig,0.061086524
Camera 9,Wild Pig,5.21417114
Camera 9,Wild Pig,6.278821984
Camera 9,Wild Pig,0.719948316
Camera 9,Wild Pig,1.898045562
Camera 9,Wild Pig,1.841322361
Camera 9,Wild Pig,4.769112181
Camera 9,Wild Pig,5.454153912
Camera 9,Wild Pig,5.602506899
Camera 9,Wild Pig,2.103121749
Camera 9,Wild Pig,5.262167695
Camera 9,Wild Pig,1.112647398
Camera 9,Wild Pig,1.954768762
Camera 9,Wild Pig,2.378011106
Camera 9,Wild Pig,1.627519527
Camera 9,Wild Pig,5.249077725
Camera 9,Wild Pig,0.575958653
Camera 9,Wild Pig,5.667956746
Camera 9,Wild Pig,0.196349541
Camera 9,Wild Pig,0.109083078
Camera 9,Wild Pig,5.519603759
Camera 9,Wild Pig,2.364921136
Camera 9,Wild Pig,5.598143576
Camera 9,Wild Pig,0.86393798
Camera 9,Wild Pig,2.181661565
Camera 9,Wild Pig,3.560471674
Camera 9,Wild Pig,5.113814708
